sample_id,category,baseline_passed,student_passed,difference
glaive-101637,multi_turn,0,1,1
glaive-19894,single_call,0,1,1
glaive-95065,multi_turn,1,1,0
glaive-17977,no_call,1,1,0
glaive-91583,no_call,1,1,0
glaive-12883,single_call,1,1,0
glaive-19711,single_call,1,1,0
glaive-63001,multi_turn,1,1,0
glaive-2742,no_call,1,1,0
glaive-8834,single_call,1,1,0
glaive-60626,single_call,0,0,0
glaive-30068,no_call,1,1,0
glaive-91613,single_call,1,1,0
glaive-28394,single_call,1,1,0
glaive-70891,multi_turn,0,0,0
glaive-76964,single_call,1,1,0
glaive-71883,multi_turn,0,0,0
glaive-23534,single_call,1,1,0
glaive-5219,single_call,0,1,1
hermes-fb081532-ba67-413d-a0ce-b4a1ad4caa1d,multi_turn,1,1,0
glaive-42310,no_call,1,1,0
glaive-17506,single_call,0,1,1
hermes-7e240f3d-e869-4c94-8b1c-a8269fa36a4a,single_call,0,1,1
hermes-cde20266-1549-435e-bb80-fd52e6a19dec,single_call,0,0,0
glaive-12314,single_call,0,0,0
glaive-101410,single_call,0,1,1
glaive-84463,multi_turn,1,1,0
glaive-16841,multi_turn,0,0,0
hermes-10042b71-42b2-46a5-a3f8-7525582bd61e,single_call,0,0,0
glaive-3970,no_call,1,1,0
glaive-91331,single_call,1,1,0
glaive-43239,multi_turn,1,1,0
hermes-ad31277e-40e0-47b1-9315-a7ec1f63f9bc,single_call,1,1,0
hermes-58208b34-b34f-4f79-8454-4c83150660f8,single_call,0,0,0
glaive-51665,single_call,0,0,0
glaive-22439,single_call,1,1,0
glaive-76624,single_call,0,1,1
glaive-109805,no_call,1,1,0
glaive-96536,single_call,1,1,0
hermes-ca9b0991-c67c-48a0-ae80-a9188358545e,single_call,1,1,0
glaive-56955,no_call,1,1,0
glaive-5428,single_call,1,1,0
glaive-76770,no_call,1,1,0
glaive-552,multi_turn,1,1,0
glaive-26414,single_call,0,0,0
glaive-108758,single_call,0,0,0
glaive-50994,single_call,1,1,0
glaive-42493,multi_turn,1,1,0
glaive-95357,single_call,1,0,-1
glaive-36852,no_call,1,1,0
glaive-66340,multi_turn,1,1,0
glaive-11969,single_call,0,1,1
glaive-30360,multi_turn,1,1,0
glaive-95757,multi_turn,1,1,0
glaive-111744,multi_turn,1,1,0
glaive-15016,single_call,0,0,0
glaive-40414,multi_turn,0,1,1
hermes-e50da6d3-921f-470c-a98c-0f717000d293,parallel,0,0,0
glaive-7919,single_call,0,0,0
glaive-16575,single_call,1,1,0
glaive-85127,single_call,1,1,0
glaive-51478,no_call,1,1,0
glaive-65010,single_call,1,1,0
hermes-27916e4c-a434-41c3-a0e9-02615636ce76,single_call,1,1,0
glaive-67652,single_call,1,1,0
glaive-85828,multi_turn,1,1,0
glaive-104260,multi_turn,1,1,0
glaive-51958,single_call,1,1,0
glaive-98588,single_call,1,1,0
glaive-51301,single_call,1,1,0
glaive-47184,multi_turn,0,1,1
glaive-90114,no_call,1,1,0
hermes-ce4339a1-73c1-4740-bc44-0682de0ec1cf,multi_turn,1,1,0
glaive-26472,single_call,1,1,0
hermes-3ed1e2fd-0f7d-456f-95d4-39d50f05353a,single_call,1,1,0
glaive-14083,multi_turn,0,0,0
glaive-55906,no_call,1,1,0
glaive-30539,no_call,1,1,0
glaive-70003,single_call,1,1,0
glaive-34002,no_call,1,1,0
glaive-48864,single_call,1,1,0
hermes-47534e1a-8f0f-4217-829e-9514e8ec7bbf,multi_turn,1,1,0
hermes-c652392a-1af7-4723-b8dc-7d1b3808ed23,multi_turn,0,0,0
glaive-17586,multi_turn,1,1,0
glaive-66875,no_call,1,1,0
glaive-89450,multi_turn,1,1,0
glaive-109525,multi_turn,1,1,0
glaive-80028,single_call,1,1,0
hermes-c00e54c0-5f5c-497d-965e-6469d9a1b142,single_call,0,1,1
glaive-46790,no_call,1,1,0
glaive-7642,no_call,1,1,0
glaive-82938,single_call,1,1,0
glaive-68279,single_call,1,1,0
glaive-92799,no_call,1,1,0
glaive-63317,single_call,1,1,0
glaive-98319,single_call,0,0,0
glaive-108336,single_call,1,1,0
glaive-97826,multi_turn,1,1,0
glaive-56101,single_call,1,1,0
glaive-5917,no_call,1,1,0
glaive-55642,single_call,1,1,0
glaive-62724,multi_turn,1,1,0
glaive-75294,no_call,1,1,0
glaive-60822,single_call,1,1,0
glaive-34270,multi_turn,1,1,0
glaive-97966,single_call,1,1,0
hermes-932f7732-a048-4c5a-9136-2742b44eefdd,multi_turn,1,1,0
glaive-93224,multi_turn,1,1,0
glaive-109499,single_call,1,1,0
hermes-7876ebcc-7eb7-4ed8-a016-5b9787c6fb10,single_call,1,1,0
glaive-71321,multi_turn,1,1,0
glaive-83575,no_call,1,1,0
glaive-68787,multi_turn,1,1,0
glaive-54793,no_call,1,1,0
glaive-2008,no_call,1,1,0
hermes-7a2cf4fb-f382-4cc0-8940-3e39dff517cc,single_call,0,1,1
glaive-45615,single_call,1,1,0
glaive-537,no_call,1,1,0
glaive-29993,multi_turn,1,1,0
glaive-12206,single_call,0,0,0
hermes-72067c0d-80b8-48cd-973f-fb4cbdb5d2c0,single_call,0,0,0
glaive-61885,single_call,1,1,0
glaive-106547,multi_turn,0,0,0
glaive-82784,single_call,0,1,1
glaive-102018,single_call,0,0,0
glaive-14592,no_call,1,1,0
hermes-32fd512a-7a3e-4d7a-a2aa-e0593d904dbe,parallel,0,0,0
glaive-29192,single_call,1,1,0
glaive-61305,single_call,1,1,0
glaive-34256,single_call,1,1,0
hermes-40c4aa51-86cc-456b-974e-81eb2764afa8,single_call,1,1,0
glaive-74334,single_call,0,0,0
glaive-39767,single_call,1,1,0
hermes-28270a6f-503b-4af0-9520-1aa889a1208c,single_call,1,1,0
glaive-47847,no_call,1,1,0
glaive-31841,no_call,1,1,0
glaive-49528,single_call,1,1,0
glaive-78996,single_call,0,0,0
glaive-2037,single_call,1,1,0
glaive-6794,single_call,1,1,0
glaive-34700,multi_turn,1,1,0
hermes-6113e910-a097-436f-bede-4cc48fcc402f,single_call,1,1,0
glaive-1572,single_call,1,1,0
glaive-5921,no_call,1,1,0
glaive-72204,multi_turn,0,0,0
glaive-55881,multi_turn,0,1,1
glaive-11848,no_call,1,1,0
glaive-48084,no_call,1,1,0
glaive-23425,single_call,1,1,0
hermes-a082779b-5976-4de9-a33f-c423a961006a,single_call,1,1,0
glaive-52184,multi_turn,1,1,0
glaive-38292,single_call,0,1,1
glaive-64173,no_call,1,1,0
glaive-77865,single_call,1,1,0
glaive-65428,multi_turn,1,1,0
glaive-40953,single_call,1,1,0
glaive-100797,single_call,1,1,0
glaive-32559,no_call,1,1,0
glaive-49127,single_call,1,1,0
glaive-43965,single_call,0,0,0
glaive-48453,multi_turn,1,1,0
glaive-7861,no_call,1,1,0
glaive-68946,single_call,0,0,0
hermes-ac2bbecc-52ba-4bf8-aa80-127ced080c37,multi_turn,1,1,0
hermes-7bae9f38-326f-4b5e-af98-b538a95d6b47,multi_turn,1,1,0
glaive-97029,single_call,0,0,0
glaive-107342,multi_turn,1,1,0
hermes-bac9ff00-640e-4e2f-a29f-516c594cd74b,single_call,1,1,0
glaive-11605,single_call,1,0,-1
glaive-75945,single_call,1,1,0
hermes-7c4b8999-eb84-43fd-b2a7-f1d8a49338bd,multi_turn,1,1,0
hermes-07005ae1-30a1-4ff2-a77b-3eb3f1b8708f,single_call,1,1,0
hermes-db3bfa29-7c02-4eeb-a3a4-d101b4b58b00,multi_turn,1,0,-1
glaive-28697,single_call,0,0,0
glaive-38195,single_call,1,1,0
glaive-4831,multi_turn,1,1,0
hermes-d85c0f3d-f805-450f-bcc9-77ab4dd595a1,multi_turn,1,1,0
glaive-31752,single_call,1,1,0
glaive-109629,single_call,1,1,0
hermes-0e3b8de7-55f4-4c55-930b-6ade5872e2ca,multi_turn,1,1,0
glaive-34937,single_call,1,1,0
glaive-33182,single_call,1,1,0
glaive-32273,single_call,1,1,0
glaive-75590,no_call,1,1,0
glaive-59615,no_call,1,1,0
glaive-41120,multi_turn,1,1,0
glaive-65379,no_call,1,1,0
hermes-a2559ca4-fa68-49e4-9bae-51241ff078eb,single_call,0,0,0
glaive-45333,multi_turn,1,1,0
glaive-112267,multi_turn,0,1,1
glaive-82671,no_call,1,1,0
glaive-86991,single_call,1,1,0
glaive-69067,no_call,1,1,0
hermes-dff0f5f2-e410-40cf-9b41-271ef7b1e1f2,single_call,1,1,0
glaive-45251,no_call,1,1,0
glaive-111853,single_call,0,0,0
glaive-77907,single_call,1,1,0
glaive-34745,no_call,1,1,0
hermes-96afa3e5-1d4b-45d0-8075-84fed4621dc1,multi_turn,1,1,0
glaive-12683,single_call,1,1,0
glaive-16904,multi_turn,1,1,0
hermes-01b27149-b4f7-4fe4-9d45-1b24913b9c30,multi_turn,1,1,0
glaive-93332,single_call,0,1,1
glaive-30751,multi_turn,0,1,1
hermes-69ed131d-4c3a-4855-ba1e-4b9c43d701b0,single_call,1,1,0
glaive-17031,single_call,0,1,1
hermes-375a9b02-8daa-4726-ab8a-072515a7ff7d,multi_turn,1,1,0
glaive-6050,single_call,0,1,1
glaive-85758,single_call,1,1,0
hermes-80b8b926-e56f-453b-8bfd-2f2840bd7470,multi_turn,1,1,0
glaive-62654,multi_turn,1,1,0
glaive-104500,single_call,0,1,1
hermes-2cf6464a-4a93-468b-906c-52abeeac209e,single_call,0,1,1
glaive-85564,single_call,1,1,0
glaive-89101,multi_turn,1,1,0
glaive-4932,single_call,0,1,1
glaive-47951,multi_turn,1,1,0
hermes-1977a77b-2701-4a22-b4b7-2a4620f09fcb,multi_turn,1,1,0
glaive-36065,multi_turn,0,0,0
glaive-20977,single_call,0,0,0
glaive-37368,multi_turn,1,1,0
glaive-57417,single_call,1,1,0
glaive-87977,single_call,1,1,0
glaive-55846,single_call,0,1,1
glaive-22497,no_call,1,1,0
glaive-77831,single_call,0,1,1
glaive-87793,multi_turn,1,1,0
glaive-36928,single_call,1,1,0
glaive-70304,single_call,0,0,0
glaive-99440,no_call,1,1,0
glaive-27311,multi_turn,1,1,0
glaive-29785,single_call,1,1,0
glaive-33520,single_call,0,0,0
glaive-110760,single_call,0,0,0
glaive-100388,multi_turn,1,1,0
glaive-101175,single_call,0,0,0
glaive-110945,single_call,1,1,0
glaive-80689,multi_turn,0,0,0
glaive-55493,single_call,1,1,0
glaive-17113,single_call,0,0,0
glaive-63983,no_call,1,1,0
glaive-57152,no_call,1,1,0
glaive-73091,single_call,1,0,-1
glaive-71069,single_call,1,1,0
hermes-722dbe0f-f5bb-4a58-b378-6a49c8bac4b3,single_call,1,1,0
glaive-88905,no_call,1,1,0
glaive-44390,single_call,1,1,0
glaive-31968,single_call,0,1,1
glaive-104250,no_call,1,1,0
glaive-102932,multi_turn,1,1,0
glaive-31556,single_call,0,1,1
hermes-516c4512-b550-4545-8665-d2d1b813e837,multi_turn,0,0,0
glaive-99043,multi_turn,1,1,0
glaive-11187,single_call,1,1,0
glaive-35094,single_call,1,1,0
hermes-319cc35a-9521-47bd-850a-492712054eb8,single_call,1,1,0
glaive-49886,no_call,1,1,0
hermes-f800a3cb-06c7-4bd9-a099-7fe758c241ee,single_call,1,0,-1
glaive-95850,single_call,0,0,0
glaive-23151,multi_turn,0,0,0
glaive-51945,multi_turn,0,1,1
glaive-98485,single_call,1,1,0
hermes-c82abc25-206c-4776-a1b1-d6fbc5769bce,single_call,0,1,1
glaive-88109,multi_turn,0,1,1
hermes-a3f0c583-f84e-4bf3-91cd-0331963e5e1a,multi_turn,1,1,0
glaive-20049,multi_turn,1,1,0
glaive-58105,multi_turn,1,1,0
glaive-60850,single_call,1,1,0
hermes-d9ce9a36-cc54-4400-aa1b-a68557a9c553,parallel,0,0,0
glaive-40262,single_call,1,1,0
hermes-efc48dd7-432d-4881-acb0-bd24db4c2d5d,parallel,0,0,0
glaive-2115,multi_turn,1,1,0
glaive-36283,single_call,0,1,1
hermes-9ea5bebb-56e0-4245-80f0-af00c09fec09,single_call,0,1,1
glaive-49599,single_call,1,1,0
glaive-112832,single_call,0,0,0
glaive-33235,multi_turn,0,0,0
hermes-d807495c-04e0-4379-9604-c9975f92653c,single_call,1,1,0
hermes-f6e8d509-7fa7-4afd-b1ae-4b53a1ca6a59,single_call,1,1,0
glaive-99131,single_call,1,1,0
glaive-55594,multi_turn,0,0,0
glaive-1002,no_call,1,1,0
glaive-106738,no_call,1,1,0
glaive-64424,single_call,1,1,0
glaive-86075,multi_turn,1,1,0
glaive-70038,single_call,1,1,0
glaive-56627,multi_turn,0,1,1
glaive-52642,single_call,1,1,0
hermes-11ffc85f-bd49-4cc1-8b3c-648ace4e9edc,parallel,0,0,0
glaive-95177,single_call,0,0,0
hermes-e6d87343-f143-4fee-85ba-46aa91bf32b7,single_call,1,1,0
glaive-2129,single_call,1,1,0
glaive-31764,no_call,1,1,0
glaive-15126,multi_turn,0,1,1
glaive-85667,multi_turn,1,1,0
glaive-108338,multi_turn,1,1,0
glaive-12944,multi_turn,1,1,0
glaive-55234,multi_turn,1,1,0
hermes-5167cd0d-059b-4398-897f-f960c5daf961,multi_turn,1,1,0
glaive-93776,multi_turn,1,1,0
hermes-09eb80c1-b53d-4639-aa8c-4a5bb1fc63cf,single_call,0,1,1
glaive-85612,no_call,1,1,0
glaive-93991,multi_turn,0,0,0
glaive-73471,single_call,1,1,0
glaive-88208,single_call,0,1,1
glaive-28131,single_call,1,1,0
glaive-36141,multi_turn,1,1,0
glaive-14691,single_call,0,1,1
glaive-71343,multi_turn,0,0,0
glaive-48332,single_call,1,1,0
glaive-110812,multi_turn,0,0,0
glaive-16126,single_call,1,1,0
glaive-14634,no_call,1,1,0
glaive-27371,single_call,1,1,0
hermes-6ccf945b-db78-4cb0-a189-13eb8edac8da,multi_turn,1,1,0
glaive-87061,single_call,0,0,0
glaive-65459,single_call,1,1,0
glaive-70975,single_call,0,1,1
glaive-102631,no_call,1,1,0
hermes-bd580776-f48e-45b8-8acb-05a47d6ea454,single_call,0,0,0
hermes-8680b4d8-5659-4d42-8073-250d53bbb659,multi_turn,1,1,0
glaive-78084,single_call,1,1,0
hermes-7e2e9872-13f8-4741-b145-7a3d861fcc16,parallel,1,1,0
hermes-9bb3faf8-a8db-43db-bd62-106a38aebc05,single_call,0,0,0
glaive-71236,single_call,1,1,0
hermes-53b9ba7b-05c6-499b-9329-fb8cf7ea1cd8,multi_turn,1,1,0
glaive-65350,no_call,1,1,0
glaive-72202,single_call,0,1,1
hermes-71b5d80f-a87b-4186-9320-efbabfedb593,multi_turn,1,1,0
hermes-a8535ccd-3d3d-4f8c-8a5c-2614ff3176ab,single_call,1,1,0
glaive-12535,no_call,1,1,0
glaive-32061,multi_turn,1,1,0
glaive-104361,single_call,1,1,0
glaive-47254,single_call,1,1,0
glaive-68573,no_call,1,1,0
glaive-55737,single_call,1,1,0
glaive-39412,multi_turn,0,0,0
glaive-83222,single_call,0,1,1
glaive-53322,single_call,0,1,1
glaive-86339,no_call,1,1,0
hermes-2bc4d8d7-582a-4225-a6be-09de84031e12,single_call,1,1,0
glaive-69496,no_call,1,1,0
glaive-35348,single_call,0,1,1
hermes-fa8ee5c6-9df2-4857-8efb-0b0205acaeae,single_call,0,0,0
hermes-065739d0-7a62-4b83-a943-2f847bdccbf7,single_call,0,1,1
glaive-66291,single_call,1,1,0
glaive-72573,single_call,0,1,1
glaive-60903,single_call,0,0,0
hermes-259b2f26-56bd-4cbb-9d28-f358718690ed,multi_turn,1,1,0
glaive-110280,multi_turn,1,0,-1
glaive-64165,single_call,0,1,1
glaive-5649,single_call,1,1,0
glaive-60262,multi_turn,0,0,0
glaive-52772,multi_turn,0,0,0
glaive-21388,no_call,1,1,0
glaive-97874,single_call,1,1,0
glaive-106245,no_call,1,1,0
hermes-f71f6ed0-36d4-4300-a93b-b964871ccc1a,multi_turn,1,0,-1
glaive-20105,no_call,1,1,0
glaive-45740,single_call,1,1,0
glaive-1952,no_call,1,1,0
glaive-45898,no_call,1,1,0
glaive-94911,single_call,1,1,0
glaive-80347,multi_turn,1,1,0
hermes-5594ef53-c37d-4127-b865-80aa3f0c082d,single_call,1,1,0
glaive-96002,multi_turn,1,1,0
hermes-c5bf72b5-366a-4d95-b448-a49d2a641af5,multi_turn,0,1,1
glaive-7372,no_call,1,1,0
glaive-62495,single_call,0,0,0
glaive-69169,single_call,1,1,0
glaive-4446,single_call,1,1,0
glaive-69208,multi_turn,1,1,0
glaive-98515,single_call,1,1,0
glaive-81211,single_call,1,1,0
glaive-108153,multi_turn,1,1,0
glaive-64715,no_call,1,1,0
glaive-100567,multi_turn,1,1,0
glaive-65723,single_call,0,1,1
hermes-670c9415-de97-4419-8835-d241f8ad9583,single_call,0,1,1
glaive-106410,single_call,0,1,1
glaive-97515,single_call,1,1,0
glaive-94481,single_call,0,0,0
glaive-3674,single_call,1,1,0
glaive-104852,single_call,1,0,-1
glaive-50283,no_call,1,1,0
glaive-58609,single_call,1,1,0
hermes-8520e8bd-8870-497c-96c5-8caf40af9fa2,multi_turn,0,0,0
glaive-12738,multi_turn,1,1,0
glaive-109185,single_call,1,1,0
glaive-8036,single_call,0,1,1
glaive-96648,multi_turn,1,1,0
glaive-3294,multi_turn,1,1,0
glaive-88766,multi_turn,0,0,0
glaive-91320,single_call,0,1,1
glaive-39288,single_call,1,1,0
hermes-30ead946-fe3a-4355-b432-b8f2df6c42fe,single_call,1,1,0
glaive-24732,single_call,1,1,0
glaive-67561,single_call,1,1,0
glaive-12482,multi_turn,1,1,0
glaive-51908,single_call,0,1,1
hermes-a8db2e8a-b7eb-4996-b77e-8b6f2679c91b,parallel,0,0,0
glaive-75449,no_call,1,1,0
glaive-103025,single_call,1,1,0
glaive-13031,multi_turn,0,1,1
glaive-46157,single_call,1,1,0
glaive-42475,multi_turn,1,1,0
glaive-66974,single_call,1,1,0
glaive-89481,no_call,1,1,0
glaive-104211,single_call,0,1,1
glaive-74326,no_call,1,1,0
glaive-79975,multi_turn,0,1,1
glaive-7133,multi_turn,1,0,-1
glaive-88309,multi_turn,0,0,0
glaive-90678,multi_turn,1,1,0
glaive-98335,single_call,0,0,0
glaive-51082,single_call,0,1,1
glaive-78750,single_call,0,1,1
glaive-77809,single_call,1,1,0
glaive-33373,single_call,0,0,0
glaive-102284,single_call,1,1,0
glaive-9774,multi_turn,1,1,0
glaive-25333,multi_turn,1,1,0
glaive-42795,single_call,1,1,0
glaive-83630,single_call,1,1,0
glaive-78845,single_call,0,0,0
glaive-57462,no_call,1,1,0
glaive-23468,no_call,1,1,0
hermes-3a376f27-0042-45bd-9f02-3626bfd11ed9,parallel,0,0,0
glaive-21773,no_call,1,1,0
hermes-2eeeb403-c031-4fbb-bd97-4f4276e57a9d,single_call,1,1,0
glaive-50094,single_call,0,1,1
glaive-56519,multi_turn,1,1,0
glaive-72968,single_call,1,1,0
glaive-82216,single_call,1,1,0
hermes-31148201-f006-491d-9cde-13b156066308,multi_turn,0,0,0
glaive-75464,single_call,1,1,0
glaive-23418,multi_turn,1,1,0
glaive-41906,multi_turn,1,1,0
glaive-44736,single_call,1,1,0
glaive-77727,single_call,1,1,0
hermes-4c2b1ffc-0625-4f86-89a0-1e697e574869,multi_turn,1,0,-1
hermes-c009ccfc-372c-4b2e-86ab-c409d8e028e7,single_call,0,1,1
hermes-0ad04c47-e19c-425b-84db-62535d2a120d,single_call,1,1,0
glaive-71277,single_call,1,1,0
glaive-85645,single_call,1,1,0
glaive-107374,multi_turn,1,1,0
glaive-37473,no_call,1,1,0
glaive-12113,no_call,1,1,0
glaive-108272,no_call,1,1,0
hermes-6fdcf83b-bb5b-458c-b3a1-2cd3a750e1c2,multi_turn,1,1,0
glaive-46801,single_call,1,1,0
hermes-b2b0e00f-c3b5-42a0-b839-29b790e0956f,parallel,1,0,-1
glaive-61288,multi_turn,1,1,0
hermes-f5d77591-58cf-40e1-8fda-35f8dd3f82e6,single_call,1,1,0
glaive-110304,single_call,0,0,0
glaive-11576,single_call,0,0,0
glaive-50888,no_call,1,1,0
glaive-100672,no_call,1,1,0
glaive-47832,single_call,0,1,1
glaive-5047,no_call,1,1,0
glaive-9366,multi_turn,0,0,0
glaive-60952,multi_turn,1,1,0
glaive-96521,multi_turn,0,0,0
glaive-88734,multi_turn,1,1,0
glaive-7990,single_call,0,1,1
glaive-45549,multi_turn,0,0,0
glaive-72455,single_call,1,1,0
hermes-bb1d5ef1-2787-4e2b-a08b-49b6e7469de6,parallel,1,1,0
glaive-34960,single_call,1,1,0
hermes-79f4ffbe-428c-4e46-9d17-8fe653bd7943,single_call,1,1,0
hermes-63800fce-57c1-45ee-9cfd-fc95c4252794,single_call,0,1,1
glaive-59372,single_call,0,0,0
glaive-77840,single_call,1,1,0
glaive-70032,multi_turn,0,1,1
glaive-106119,no_call,1,1,0
glaive-3939,single_call,1,0,-1
hermes-e13203f8-02ba-4d15-ad9f-04f335f6d232,multi_turn,0,0,0
glaive-74737,no_call,1,1,0
glaive-30450,no_call,1,1,0
glaive-102637,single_call,1,1,0
hermes-434bf38b-1a8f-42d7-bc40-718745a28dd6,multi_turn,1,1,0
glaive-71688,multi_turn,1,1,0
glaive-99771,no_call,1,1,0
hermes-a4b35d61-fdf4-4293-9c72-ba1ad29d463e,single_call,1,1,0
glaive-77622,single_call,0,0,0
glaive-18694,single_call,1,1,0
glaive-11336,multi_turn,1,1,0
glaive-93163,multi_turn,1,1,0
glaive-91564,no_call,1,1,0
glaive-24911,single_call,0,1,1
glaive-71915,multi_turn,1,0,-1
glaive-59075,no_call,1,1,0
glaive-68085,no_call,1,1,0
glaive-21547,multi_turn,1,1,0
glaive-99158,single_call,0,0,0
glaive-67146,multi_turn,0,0,0
glaive-57520,single_call,1,1,0
hermes-fd2d4dfa-c71b-4a24-b42f-14e1aeacb534,multi_turn,1,1,0
glaive-77863,single_call,1,1,0
glaive-85693,single_call,1,1,0
