step,time,train_loss,learning_rate,step_seconds,supervised_tokens,peak_allocated_mib,train_passed,train_samples
1,2026-10-01T02:20:10+08:00,1.874876581132412,0.0001,4.728870900002221,1469,6496.5361328125,,32
2,2026-10-01T02:20:14+08:00,1.9748500660061836,0.0001,3.975205700000515,975,6627.59326171875,,32
3,2026-10-01T02:20:17+08:00,0.4964083172380924,0.0001,3.81760629999917,948,5764.97509765625,,32
4,2026-10-01T02:20:20+08:00,0.7783602550625801,0.0001,3.0861344000004465,424,4734.29150390625,,32
5,2026-10-01T02:20:23+08:00,0.3149224976077676,0.0001,2.762315200001467,270,3805.9990234375,,32
6,2026-10-01T02:20:26+08:00,0.20339017908554524,0.0001,2.963844200003223,370,4298.5849609375,,32
7,2026-10-01T02:20:29+08:00,0.2826200812123716,0.0001,2.8711478999975952,467,4496.18408203125,,32
8,2026-10-01T02:20:32+08:00,0.3656774547416717,0.0001,2.8450650999984646,587,4228.76171875,,32
9,2026-10-01T02:20:35+08:00,0.2556232085917145,0.0001,2.9052525000006426,311,3904.31640625,,32
10,2026-10-01T02:20:38+08:00,0.3644389195833355,0.0001,3.2972021000023233,544,5510.81689453125,,32
11,2026-10-01T02:20:41+08:00,0.1063691918971017,0.0001,2.9929317999994964,354,4360.86328125,,32
12,2026-10-01T02:20:44+08:00,0.18677538557676598,0.0001,2.771934299998975,295,3796.16748046875,,32
13,2026-10-01T02:20:47+08:00,0.15914818504825234,0.0001,3.5613728999996965,811,5510.81689453125,,32
14,2026-10-01T02:20:51+08:00,0.2798464496008819,0.0001,4.020647099998314,849,6629.5361328125,,32
15,2026-10-01T02:20:54+08:00,0.12358094562659971,0.0001,3.002595099998871,366,4734.29150390625,,32
16,2026-10-01T02:20:58+08:00,0.16466144451260334,0.0001,3.0728438000005553,395,4604.33349609375,,32
17,2026-10-01T02:21:01+08:00,0.15704055564128794,0.0001,3.875909899998078,1015,6627.59326171875,,32
18,2026-10-01T02:21:04+08:00,0.057020402207854204,0.0001,2.790751900000032,354,3843.35888671875,,32
19,2026-10-01T02:21:07+08:00,0.14033976686187088,0.0001,3.2841483000011067,540,4925.20263671875,,32
20,2026-10-01T02:21:11+08:00,0.08340712530480232,0.0001,3.3256794000008085,768,5397.26904296875,,32
21,2026-10-01T02:21:14+08:00,0.1737129264511168,0.0001,2.873150799998257,529,4228.76171875,,32
22,2026-10-01T02:21:17+08:00,0.16865270733251236,0.0001,3.696336600001814,797,5764.97509765625,,32
23,2026-10-01T02:21:21+08:00,0.16632884289720096,0.0001,3.331105599998409,972,5397.26904296875,,32
24,2026-10-01T02:21:24+08:00,0.10849739921104629,0.0001,2.906311300001107,278,3731.583984375,,32
25,2026-10-01T02:21:29+08:00,0.17499012136249803,0.0001,4.971632200002205,1430,6629.5361328125,27,32
26,2026-10-01T02:24:10+08:00,0.21079143439419568,0.0001,2.910303100001329,385,4110.78125,,32
27,2026-10-01T02:24:13+08:00,0.08615394044318236,0.0001,3.2807988000022306,481,4734.29150390625,,32
28,2026-10-01T02:24:16+08:00,0.04023379161662888,0.0001,2.795331500001339,515,4228.76171875,,32
29,2026-10-01T02:24:19+08:00,0.0028638147996389307,0.0001,3.0656171000009635,379,4360.86328125,,32
30,2026-10-01T02:24:23+08:00,0.13011530131916516,0.0001,3.8058210000017425,839,5698.47509765625,,32
31,2026-10-01T02:24:26+08:00,0.029789870510285255,0.0001,2.9215117000021564,352,3731.583984375,,32
32,2026-10-01T02:24:29+08:00,0.005495671866810881,0.0001,3.09221769999931,375,4368.728515625,,32
33,2026-10-01T02:24:32+08:00,0.07054285716731101,0.0001,3.453257199998916,713,5510.81689453125,,32
34,2026-10-01T02:24:35+08:00,0.08414575738424901,0.0001,2.8457072000019252,285,3702.9072265625,,32
35,2026-10-01T02:24:39+08:00,0.04286971229885239,0.0001,3.4041986000011093,558,5510.81689453125,,32
36,2026-10-01T02:24:41+08:00,0.1050642569171032,0.0001,2.81677370000034,411,3578.64501953125,,32
37,2026-10-01T02:24:44+08:00,0.03696240112185478,0.0001,2.8864470000007714,329,3686.3642578125,,32
38,2026-10-01T02:24:47+08:00,0.041173605422955006,0.0001,2.9732250000015483,634,4435.228515625,,32
39,2026-10-01T02:24:51+08:00,0.042288121661840705,0.0001,4.052267400002165,1001,6627.59326171875,,32
40,2026-10-01T02:24:55+08:00,0.0636226854621782,0.0001,3.2958921999997983,610,4734.29150390625,,32
41,2026-10-01T02:24:58+08:00,0.06784019427504973,0.0001,3.7279225000020233,855,5764.97509765625,,32
42,2026-10-01T02:25:02+08:00,0.1083463349059457,0.0001,3.8728190999972867,831,6629.5361328125,,32
43,2026-10-01T02:25:06+08:00,0.04625386519182939,0.0001,3.346368700000312,774,5397.26904296875,,32
44,2026-10-01T02:25:08+08:00,0.033689787989715114,0.0001,2.831516799997189,431,4298.5849609375,,32
45,2026-10-01T02:25:12+08:00,0.04888886595654185,0.0001,3.2740733999999065,594,4734.29150390625,,32
46,2026-10-01T02:25:14+08:00,0.017781659586034948,0.0001,2.753422000001592,255,3977.06982421875,,32
47,2026-10-01T02:25:19+08:00,0.12620135105316876,0.0001,4.354126199999882,1383,6629.5361328125,,32
48,2026-10-01T02:25:22+08:00,0.01758231851272285,0.0001,3.0633304999973916,469,4604.33349609375,,32
49,2026-10-01T02:25:26+08:00,0.030127137099043466,0.0001,3.8912715000005846,884,6627.59326171875,,32
50,2026-10-01T02:25:29+08:00,0.008939291461501853,0.0001,2.8459619999994175,317,4470.6220703125,28,32
51,2026-10-01T02:28:34+08:00,0.0409467845747713,0.0001,3.7065199999997276,857,5764.97509765625,,32
52,2026-10-01T02:28:37+08:00,0.021314620218618074,0.0001,2.79400810000152,325,3702.9072265625,,32
53,2026-10-01T02:28:40+08:00,0.03419927185314009,0.0001,3.3831875000032596,557,5510.81689453125,,32
54,2026-10-01T02:28:43+08:00,0.0307392752438318,0.0001,2.9140284000022803,613,4427.36328125,,32
55,2026-10-01T02:28:46+08:00,0.014539263491315069,0.0001,2.8774641000018164,465,4298.5849609375,,32
56,2026-10-01T02:28:51+08:00,0.028195857574246475,0.0001,4.308675799999037,1099,6627.59326171875,,32
57,2026-10-01T02:28:54+08:00,0.0031346290325018344,0.0001,3.104247499999474,443,4734.29150390625,,32
58,2026-10-01T02:28:57+08:00,0.02466054887190694,0.0001,3.0108953999988444,474,4429.68408203125,,32
59,2026-10-01T02:28:59+08:00,0.008319704544192064,0.0001,2.8135989000002155,344,3772.57177734375,,32
60,2026-10-01T02:29:02+08:00,0.0018527285119489534,0.0001,2.825178600000072,309,3618.67431640625,,32
61,2026-10-01T02:29:05+08:00,0.01123143714357866,0.0001,3.0416913000008208,317,3910.56982421875,,32
62,2026-10-01T02:29:10+08:00,0.08265139155446377,0.0001,4.728121899999678,1158,6629.5361328125,,32
63,2026-10-01T02:29:13+08:00,0.02008544902128051,0.0001,2.9339266999995743,297,3746.064453125,,32
64,2026-10-01T02:29:17+08:00,0.034880866965977475,0.0001,3.8943464000003587,766,5510.81689453125,,32
65,2026-10-01T02:29:20+08:00,0.010229605384665774,0.0001,3.01489859999856,603,4435.228515625,,32
66,2026-10-01T02:29:24+08:00,0.04524013568607188,0.0001,3.6378796999997576,909,5397.26904296875,,32
67,2026-10-01T02:29:27+08:00,0.00206195796818065,0.0001,3.298900500001764,586,4537.83349609375,,32
68,2026-10-01T02:29:30+08:00,0.0003169424471707316,0.0001,3.356327900000906,381,4470.6220703125,,32
69,2026-10-01T02:29:34+08:00,0.030795495184065658,0.0001,3.7556377000000793,821,5397.26904296875,,32
70,2026-10-01T02:29:37+08:00,0.013664054333275999,0.0001,3.0949605999994674,301,3731.583984375,,32
71,2026-10-01T02:29:41+08:00,0.006789932715037139,0.0001,3.5909123999990697,535,4991.70263671875,,32
72,2026-10-01T02:29:44+08:00,0.017361691025143955,0.0001,3.197175799999968,652,4496.18408203125,,32
73,2026-10-01T02:29:48+08:00,0.018740652198175667,0.0001,3.7678124999983993,645,5510.81689453125,,32
74,2026-10-01T02:29:51+08:00,0.005647574969771085,0.0001,3.1208748999997624,311,3668.73779296875,,32
75,2026-10-01T02:29:55+08:00,0.027685858854965772,0.0001,3.9470641000007163,841,6627.59326171875,31,32
