time,step,loss,eval_loss,grad_norm,learning_rate,epoch,num_tokens,supervised_tokens,step_seconds,peak_allocated_mib,peak_reserved_mib,allocated_mib,reserved_mib,device_free_mib,reserved_before_step_mib,reserved_after_release_mib
2026-10-02T17:48:14+08:00,0,,2.026540748676329,,,,,0,,5045.20947265625,6224.0,1362.31005859375,1788.0,9217.0,,
2026-10-02T17:48:22+08:00,1,2.2674,,8.848642349243164,0.0,0.002758620689655172,3104.0,307,7.040615599995363,3374.72265625,6528.0,1503.5146484375,6528.0,4467.0,1788.0,1788.0
2026-10-02T17:48:30+08:00,2,1.7297,,6.622583866119385,4.5454545454545455e-06,0.005517241379310344,7323.0,895,7.29299170000013,6030.1123046875,8208.0,1503.53955078125,8208.0,1695.53125,6528.0,1934.0
2026-10-02T17:48:36+08:00,3,2.9348,,9.264861106872559,9.090909090909091e-06,0.008275862068965517,10347.0,1224,6.740186499999254,2962.02783203125,5760.0,1503.51025390625,5760.0,5235.0,8208.0,1934.0
2026-10-02T17:48:43+08:00,4,2.4539,,9.539872169494629,1.3636363636363637e-05,0.011034482758620689,13260.0,1535,6.859331999992719,3470.76708984375,6218.0,1503.50732421875,6218.0,4777.0,5760.0,1934.0
2026-10-02T17:48:50+08:00,5,1.9385,,9.39784049987793,1.8181818181818182e-05,0.013793103448275862,15996.0,1825,6.550382900008117,3162.60595703125,4640.0,1503.5029296875,4640.0,6355.0,6218.0,1934.0
2026-10-02T17:48:57+08:00,6,2.5139,,11.104589462280273,2.272727272727273e-05,0.016551724137931035,19117.0,2080,7.034551200005808,3317.837890625,4176.0,1503.51318359375,4176.0,6819.0,4640.0,1934.0
2026-10-02T17:49:04+08:00,7,2.307,,9.716472625732422,2.7272727272727273e-05,0.019310344827586208,21961.0,2450,6.8131013000092935,3390.01513671875,4888.0,1503.50732421875,4888.0,6107.0,4176.0,1934.0
2026-10-02T17:49:11+08:00,8,1.7657,,10.285486221313477,3.181818181818182e-05,0.022068965517241378,25037.0,2717,6.91025789998821,3486.9052734375,4706.0,1503.51318359375,4706.0,6289.0,4888.0,1934.0
2026-10-02T17:49:18+08:00,9,1.477,,7.920584678649902,3.6363636363636364e-05,0.02482758620689655,28495.0,3059,7.034685999999056,3480.75390625,6706.0,1503.52197265625,6706.0,4289.0,4706.0,1934.0
2026-10-02T17:49:25+08:00,10,1.0076,,5.903747081756592,4.0909090909090915e-05,0.027586206896551724,31531.0,3407,7.008203200006392,2924.7685546875,3332.0,1503.51318359375,3332.0,7663.0,6706.0,1934.0
2026-10-02T17:49:31+08:00,11,1.2315,,5.073424816131592,4.545454545454546e-05,0.030344827586206897,34385.0,3827,6.615651399988565,3696.4716796875,4718.0,1503.50732421875,4718.0,6277.0,3332.0,1934.0
2026-10-02T17:49:38+08:00,12,1.0083,,5.667274475097656,5e-05,0.03310344827586207,37558.0,4157,6.9039115000050515,3411.64111328125,6072.0,1503.5146484375,6072.0,4923.0,4718.0,1934.0
2026-10-02T17:49:45+08:00,13,0.8659,,5.873992443084717,4.985795454545455e-05,0.03586206896551724,40368.0,4414,6.83679580000171,3058.6025390625,3456.0,1503.505859375,3456.0,7539.0,6072.0,1934.0
2026-10-02T17:49:52+08:00,14,1.0502,,5.3286309242248535,4.971590909090909e-05,0.038620689655172416,43283.0,4698,6.751508900008048,2937.61767578125,4208.0,1503.51025390625,4208.0,6787.0,3456.0,1934.0
2026-10-02T17:49:58+08:00,15,0.736,,3.046316623687744,4.957386363636364e-05,0.041379310344827586,46554.0,5147,6.62402450000809,3501.77978515625,3914.0,1503.51611328125,3914.0,7081.0,4208.0,1934.0
2026-10-02T17:50:05+08:00,16,0.4368,,2.5712544918060303,4.943181818181818e-05,0.044137931034482755,49727.0,5482,6.79285610000079,3271.517578125,4144.0,1503.5146484375,4144.0,6851.0,3914.0,1934.0
2026-10-02T17:50:12+08:00,17,0.4502,,2.3847532272338867,4.9289772727272735e-05,0.04689655172413793,52599.0,5801,6.731421100004809,2865.27294921875,5480.0,1503.5087890625,5480.0,5515.0,4144.0,1936.0
2026-10-02T17:50:19+08:00,18,0.235,,1.292421817779541,4.914772727272727e-05,0.0496551724137931,56113.0,6251,6.992172000012943,3718.41162109375,5614.0,1503.52197265625,5614.0,5381.0,5480.0,1936.0
2026-10-02T17:50:26+08:00,19,0.537,,2.209190607070923,4.900568181818182e-05,0.05241379310344828,59332.0,6625,6.790982699996675,3230.45166015625,7048.0,1503.517578125,7048.0,3947.0,5614.0,1934.0
2026-10-02T17:50:33+08:00,20,0.3147,,1.6089437007904053,4.886363636363637e-05,0.05517241379310345,62460.0,6936,6.956534899989492,3313.951171875,5938.0,1503.51318359375,5938.0,5057.0,7048.0,1934.0
2026-10-02T17:50:40+08:00,21,0.3562,,1.2479231357574463,4.8721590909090915e-05,0.057931034482758624,65474.0,7304,6.818491600002744,3445.802734375,6776.0,1503.51171875,6776.0,4219.0,5938.0,1936.0
2026-10-02T17:50:46+08:00,22,0.2865,,1.4019297361373901,4.857954545454545e-05,0.060689655172413794,68360.0,7601,6.869996900000842,3068.14453125,5928.0,1503.5087890625,5928.0,5067.0,6776.0,1934.0
2026-10-02T17:50:53+08:00,23,0.1637,,0.8518273830413818,4.8437500000000005e-05,0.06344827586206897,71353.0,7942,6.533441699997638,2905.84814453125,4824.0,1503.51025390625,4824.0,6171.0,5928.0,1934.0
2026-10-02T17:51:00+08:00,24,0.3408,,0.9424885511398315,4.829545454545455e-05,0.06620689655172414,74824.0,8315,6.538155899994308,3390.03125,5576.0,1503.5234375,5576.0,5419.0,4824.0,1934.0
2026-10-02T17:51:06+08:00,25,0.1966,,1.200278878211975,4.815340909090909e-05,0.06896551724137931,78090.0,8627,6.785047800003667,3422.052734375,4288.0,1503.517578125,4288.0,6707.0,5576.0,1934.0
2026-10-02T17:51:13+08:00,26,0.5182,,1.1844435930252075,4.801136363636364e-05,0.07172413793103448,81408.0,8986,7.0163420000026235,3430.986328125,3844.0,1503.51611328125,3844.0,7151.0,4288.0,1934.0
2026-10-02T17:51:20+08:00,27,0.4102,,1.1628336906433105,4.7869318181818185e-05,0.07448275862068965,85353.0,9292,6.989507599995704,3454.09326171875,5480.0,1503.53076171875,5480.0,5515.0,3844.0,1934.0
2026-10-02T17:51:27+08:00,28,0.2675,,0.8649354577064514,4.772727272727273e-05,0.07724137931034483,88687.0,9626,6.609538799995789,3366.5263671875,3784.0,1503.51904296875,3784.0,7211.0,5480.0,1934.0
2026-10-02T17:51:34+08:00,29,0.3527,,0.8913025259971619,4.7585227272727276e-05,0.08,91969.0,10049,6.785691900004167,3206.6640625,6328.0,1503.51904296875,6328.0,4667.0,3784.0,1934.0
2026-10-02T17:51:41+08:00,30,0.3157,,1.2157708406448364,4.744318181818182e-05,0.08275862068965517,95600.0,10395,6.719650400002138,3305.36669921875,4296.0,1503.5263671875,4296.0,6699.0,6328.0,1934.0
2026-10-02T17:51:47+08:00,31,0.3035,,1.0081126689910889,4.7301136363636366e-05,0.08551724137931034,98717.0,10748,6.895582999990438,3173.82861328125,4320.0,1503.51318359375,4320.0,6675.0,4296.0,1934.0
2026-10-02T17:51:54+08:00,32,0.1915,,0.8267062306404114,4.715909090909091e-05,0.08827586206896551,101762.0,11037,6.6875410999928135,3080.63330078125,5406.0,1503.51318359375,5406.0,5589.0,4320.0,1934.0
2026-10-02T17:52:01+08:00,33,0.2694,,0.834697425365448,4.7017045454545456e-05,0.0910344827586207,105143.0,11524,6.745321900001727,3336.57177734375,5836.0,1503.5205078125,5836.0,5159.0,5406.0,1934.0
2026-10-02T17:52:08+08:00,34,0.2265,,1.1004003286361694,4.6875e-05,0.09379310344827586,108405.0,11768,7.041352600004757,3283.51220703125,6848.0,1503.51904296875,6848.0,4147.0,5836.0,1934.0
2026-10-02T17:52:15+08:00,35,0.1644,,0.7371523380279541,4.6732954545454546e-05,0.09655172413793103,112090.0,12217,7.126100399997085,5360.94970703125,6770.0,1503.52783203125,6770.0,4225.0,6848.0,1934.0
2026-10-02T17:52:22+08:00,36,0.2338,,0.8807648420333862,4.659090909090909e-05,0.0993103448275862,115461.0,12555,6.9794740000070306,3400.4375,4504.0,1503.52197265625,4504.0,6491.0,6770.0,1934.0
2026-10-02T17:52:29+08:00,37,0.0702,,0.5804666876792908,4.6448863636363636e-05,0.10206896551724139,119132.0,12860,6.964288100003614,3189.88818359375,5424.0,1503.52783203125,5424.0,5571.0,4504.0,1934.0
2026-10-02T17:52:36+08:00,38,0.2578,,0.8566420078277588,4.630681818181818e-05,0.10482758620689656,122535.0,13237,6.766975699996692,3999.2109375,6862.0,1503.52197265625,6862.0,4133.0,5424.0,1934.0
2026-10-02T17:52:43+08:00,39,0.3232,,0.8513360619544983,4.616477272727273e-05,0.10758620689655173,125725.0,13609,7.1553294000041205,3400.43017578125,6714.0,1503.5146484375,6714.0,4281.0,6862.0,1934.0
2026-10-02T17:52:50+08:00,40,0.1668,,0.6497803330421448,4.602272727272727e-05,0.1103448275862069,129148.0,13946,7.0376487000030465,3242.94189453125,6368.0,1503.5234375,6368.0,4627.0,6714.0,1934.0
2026-10-02T17:52:57+08:00,41,0.2026,,0.7811668515205383,4.5880681818181817e-05,0.11310344827586206,132019.0,14228,7.081619999997201,2990.45947265625,5490.0,1503.50732421875,5490.0,5505.0,6368.0,1936.0
2026-10-02T17:53:04+08:00,42,0.5103,,1.1931743621826172,4.573863636363637e-05,0.11586206896551725,135152.0,14574,6.9420342999947025,3120.556640625,6254.0,1503.5146484375,6254.0,4741.0,5490.0,1934.0
2026-10-02T17:53:11+08:00,43,0.2519,,1.0492842197418213,4.5596590909090913e-05,0.11862068965517242,138419.0,14867,6.607026400000905,3163.419921875,4574.0,1503.5146484375,4574.0,6421.0,6254.0,1934.0
2026-10-02T17:53:18+08:00,44,0.273,,1.2401762008666992,4.545454545454546e-05,0.12137931034482759,141569.0,15178,6.942085499991663,3261.65966796875,4986.0,1503.5146484375,4986.0,6009.0,4574.0,1934.0
2026-10-02T17:53:25+08:00,45,0.2363,,0.702805757522583,4.5312500000000004e-05,0.12413793103448276,144766.0,15507,7.058531399990898,3109.533203125,4736.0,1503.5146484375,4736.0,6259.0,4986.0,1934.0
2026-10-02T17:53:32+08:00,46,0.2192,,0.7781665921211243,4.517045454545455e-05,0.12689655172413794,147728.0,15840,6.780207500007236,3137.40380859375,4842.0,1503.51025390625,4842.0,6153.0,4736.0,1934.0
2026-10-02T17:53:39+08:00,47,0.0717,,0.6564594507217407,4.5028409090909094e-05,0.1296551724137931,151040.0,16124,7.0342282000056,3339.69189453125,4056.0,1503.51904296875,4056.0,6939.0,4842.0,1934.0
2026-10-02T17:53:45+08:00,48,0.2165,,0.8293240666389465,4.488636363636364e-05,0.13241379310344828,154258.0,16414,6.5972457000025315,3118.8974609375,3554.0,1503.51904296875,3554.0,7441.0,4056.0,1934.0
2026-10-02T17:53:52+08:00,49,0.3068,,0.9353278279304504,4.4744318181818184e-05,0.13517241379310344,157502.0,16732,6.955378099999507,3109.5361328125,4832.0,1503.517578125,4832.0,6163.0,3554.0,1934.0
2026-10-02T17:53:59+08:00,50,0.2789,,0.9429518580436707,4.460227272727273e-05,0.13793103448275862,160693.0,17102,6.8511664000106975,3115.48583984375,4976.0,1503.517578125,4976.0,6019.0,4832.0,1934.0
2026-10-02T17:54:06+08:00,51,0.3683,,0.8365053534507751,4.4460227272727274e-05,0.1406896551724138,165456.0,17873,6.9207835999986855,5511.68505859375,10094.0,1503.55126953125,10094.0,160.8828125,4976.0,1934.0
2026-10-02T17:54:12+08:00,52,0.3839,,0.8075315952301025,4.431818181818182e-05,0.14344827586206896,169727.0,18509,6.474290599988308,5455.84326171875,6326.0,1503.53955078125,6326.0,4669.0,10094.0,1934.0
2026-10-02T17:54:20+08:00,53,0.0305,,0.30276209115982056,4.4176136363636364e-05,0.14620689655172414,172858.0,18785,7.107746800000314,3186.75341796875,6976.0,1503.5146484375,6976.0,4019.0,6326.0,1934.0
2026-10-02T17:54:26+08:00,54,0.1063,,0.721283495426178,4.4034090909090916e-05,0.1489655172413793,176020.0,19071,6.758415000003879,3142.34814453125,6560.0,1503.5146484375,6560.0,4435.0,6976.0,1934.0
2026-10-02T17:54:33+08:00,55,0.1396,,1.0125805139541626,4.3892045454545454e-05,0.15172413793103448,179110.0,19400,6.844884399994044,3458.28857421875,4824.0,1503.51318359375,4824.0,6171.0,6560.0,1934.0
2026-10-02T17:54:40+08:00,56,0.1451,,1.0649017095565796,4.375e-05,0.15448275862068966,181736.0,19688,6.752904699998908,2731.826171875,4448.0,1503.5029296875,4448.0,6547.0,4824.0,1936.0
2026-10-02T17:54:47+08:00,57,0.2461,,0.7961979508399963,4.360795454545455e-05,0.15724137931034482,185087.0,19967,6.819337699998869,3443.67431640625,4716.0,1503.5205078125,4716.0,6279.0,4448.0,1934.0
2026-10-02T17:54:54+08:00,58,0.1193,,0.7916396260261536,4.346590909090909e-05,0.16,187860.0,20229,6.78466550000303,3445.79833984375,6902.0,1503.50732421875,6902.0,4093.0,4716.0,1934.0
2026-10-02T17:55:00+08:00,59,0.3878,,1.0640263557434082,4.3323863636363635e-05,0.16275862068965516,191188.0,20517,6.67105669999728,3458.29296875,5012.0,1503.517578125,5012.0,5983.0,6902.0,1934.0
2026-10-02T17:55:07+08:00,60,0.3182,,1.0663819313049316,4.318181818181819e-05,0.16551724137931034,194347.0,20781,6.87545360000513,3076.94482421875,5348.0,1503.51611328125,5348.0,5647.0,5012.0,1934.0
2026-10-02T17:55:14+08:00,61,0.065,,0.8742591738700867,4.303977272727273e-05,0.16827586206896553,197543.0,21188,6.660844500001986,3823.80810546875,5820.0,1503.51904296875,5820.0,5175.0,5348.0,1934.0
2026-10-02T17:55:21+08:00,62,0.3418,,1.0655715465545654,4.289772727272727e-05,0.17103448275862068,200683.0,21595,6.740783000001102,3531.0341796875,5400.0,1503.51318359375,5400.0,5595.0,5820.0,1934.0
2026-10-02T17:55:27+08:00,63,0.138,,0.5540056824684143,4.275568181818182e-05,0.17379310344827587,203750.0,21997,6.620788600004744,3196.25048828125,4408.0,1503.51318359375,4408.0,6587.0,5400.0,1934.0
2026-10-02T17:55:34+08:00,64,0.2128,,0.7913661003112793,4.261363636363637e-05,0.17655172413793102,206846.0,22319,6.878669500001706,3177.390625,4144.0,1503.5146484375,4144.0,6851.0,4408.0,1934.0
2026-10-02T17:55:41+08:00,65,0.2386,,1.0000648498535156,4.247159090909091e-05,0.1793103448275862,209676.0,22708,6.64803870000469,3066.52978515625,4722.0,1503.5087890625,4722.0,6273.0,4144.0,1934.0
2026-10-02T17:55:48+08:00,66,0.147,,0.6660182476043701,4.232954545454546e-05,0.1820689655172414,212605.0,22979,7.107316899986472,3153.3671875,4984.0,1503.51025390625,4984.0,6011.0,4722.0,1934.0
2026-10-02T17:55:55+08:00,67,0.1704,,0.8971367478370667,4.21875e-05,0.18482758620689654,215607.0,23255,6.7283232000045246,3110.31640625,5016.0,1503.51025390625,5016.0,5979.0,4984.0,1934.0
2026-10-02T17:56:02+08:00,68,0.1131,,0.9206812381744385,4.204545454545455e-05,0.18758620689655173,219235.0,23559,7.087275700003374,3608.7119140625,5604.0,1503.52490234375,5604.0,5391.0,5016.0,1934.0
2026-10-02T17:56:08+08:00,69,0.1237,,0.6821570992469788,4.190340909090909e-05,0.19034482758620688,222585.0,23887,6.611031599997659,4511.24072265625,6154.0,1503.51904296875,6154.0,4841.0,5604.0,1934.0
2026-10-02T17:56:12+08:00,70,0.2492,,0.8148707151412964,4.176136363636364e-05,0.19310344827586207,225880.0,24224,3.768564400001196,3638.03515625,4864.0,1503.517578125,4864.0,6131.0,6154.0,1936.0
2026-10-02T17:56:15+08:00,71,0.2486,,0.8880850672721863,4.161931818181818e-05,0.19586206896551725,229026.0,24534,2.954045099992072,3177.39208984375,5600.0,1503.51611328125,5600.0,5395.0,4864.0,1934.0
2026-10-02T17:56:18+08:00,72,0.196,,0.728401780128479,4.1477272727272734e-05,0.1986206896551724,232156.0,24859,3.098562299986952,3427.0791015625,5168.0,1503.5146484375,5168.0,5827.0,5600.0,1934.0
2026-10-02T17:56:21+08:00,73,0.137,,0.5592855215072632,4.133522727272727e-05,0.2013793103448276,235545.0,25230,3.0840592000022298,3477.0224609375,5860.0,1503.5205078125,5860.0,5135.0,5168.0,1934.0
2026-10-02T17:56:24+08:00,74,0.0611,,0.5643553733825684,4.119318181818182e-05,0.20413793103448277,238537.0,25548,3.0315211999986786,3134.33154296875,4312.0,1503.51171875,4312.0,6683.0,5860.0,1934.0
2026-10-02T17:56:27+08:00,75,0.0856,,0.6519107222557068,4.105113636363637e-05,0.20689655172413793,241745.0,25830,2.9176463000039803,3292.33251953125,4756.0,1503.51318359375,4756.0,6239.0,4312.0,1934.0
2026-10-02T17:56:30+08:00,76,0.0672,,0.6004593968391418,4.0909090909090915e-05,0.2096551724137931,244625.0,26091,3.0946306999976514,2974.51025390625,5050.0,1503.50732421875,5050.0,5945.0,4756.0,1934.0
2026-10-02T17:56:33+08:00,77,0.0893,,0.4542333483695984,4.076704545454545e-05,0.21241379310344827,247957.0,26382,3.0869972000073176,3617.2900390625,5806.0,1503.517578125,5806.0,5189.0,5050.0,1936.0
2026-10-02T17:56:36+08:00,78,0.1531,,1.022960901260376,4.0625000000000005e-05,0.21517241379310345,251229.0,26674,3.0379411000030814,3153.37451171875,6296.0,1503.517578125,6296.0,4699.0,5806.0,1934.0
2026-10-02T17:56:39+08:00,79,0.2659,,0.8300102353096008,4.048295454545455e-05,0.21793103448275863,254359.0,27015,2.9202224999899045,3099.95751953125,5096.0,1503.51318359375,5096.0,5899.0,6296.0,1934.0
2026-10-02T17:56:42+08:00,80,0.2316,,1.022467851638794,4.034090909090909e-05,0.2206896551724138,257646.0,27299,3.016106299997773,3368.4052734375,4312.0,1503.517578125,4312.0,6683.0,5096.0,1934.0
2026-10-02T17:56:45+08:00,81,0.1048,,0.47801780700683594,4.019886363636364e-05,0.22344827586206897,261106.0,27638,2.8948463999986416,3576.41162109375,3984.0,1503.52197265625,3984.0,7011.0,4312.0,1934.0
2026-10-02T17:56:48+08:00,82,0.1943,,0.9504858255386353,4.0056818181818185e-05,0.22620689655172413,264024.0,27930,2.9657105000078445,2968.84130859375,3516.0,1503.5087890625,3516.0,7479.0,3984.0,1934.0
2026-10-02T17:56:51+08:00,83,0.1132,,0.7110208868980408,3.991477272727273e-05,0.2289655172413793,267231.0,28196,2.9505761999898823,3185.04248046875,6618.0,1503.51611328125,6618.0,4377.0,3516.0,1934.0
2026-10-02T17:56:54+08:00,84,0.1996,,0.9219217300415039,3.9772727272727275e-05,0.2317241379310345,270295.0,28560,3.2286320999992313,3076.94189453125,5256.0,1503.51318359375,5256.0,5739.0,6618.0,1934.0
2026-10-02T17:56:57+08:00,85,0.1503,,1.6820350885391235,3.963068181818182e-05,0.23448275862068965,273073.0,28819,2.9177380000037374,3379.53076171875,4988.0,1503.50732421875,4988.0,6007.0,5256.0,1934.0
2026-10-02T17:57:00+08:00,86,0.1457,,0.5895051956176758,3.9488636363636366e-05,0.23724137931034484,276826.0,29170,2.9793590000044787,3562.95751953125,5204.0,1503.5263671875,5204.0,5791.0,4988.0,1934.0
2026-10-02T17:57:03+08:00,87,0.2863,,1.0189967155456543,3.934659090909091e-05,0.24,280157.0,29427,3.0926914000010584,3195.453125,4128.0,1503.51904296875,4128.0,6867.0,5204.0,1934.0
2026-10-02T17:57:07+08:00,88,0.0789,,0.5727929472923279,3.9204545454545456e-05,0.24275862068965517,284136.0,29994,3.3183288000000175,4704.35693359375,8802.0,1503.53369140625,8802.0,945.40625,4128.0,1934.0
2026-10-02T17:57:10+08:00,89,0.0587,,0.3350697457790375,3.90625e-05,0.24551724137931036,287590.0,30414,3.1884404000011273,3939.18115234375,6016.0,1503.52197265625,6016.0,4979.0,8802.0,1934.0
2026-10-02T17:57:13+08:00,90,0.1023,,0.6185498237609863,3.8920454545454546e-05,0.2482758620689655,290171.0,30728,3.012367400006042,2948.017578125,4126.0,1503.50146484375,4126.0,6869.0,6016.0,1934.0
2026-10-02T17:57:16+08:00,91,0.0783,,0.5271194577217102,3.877840909090909e-05,0.25103448275862067,293074.0,30989,3.0219720999884885,3261.65380859375,5136.0,1503.5087890625,5136.0,5859.0,4126.0,1934.0
2026-10-02T17:57:19+08:00,92,0.2083,,0.9075316190719604,3.8636363636363636e-05,0.2537931034482759,296192.0,31325,2.9012887999997474,3302.05859375,3724.0,1503.5146484375,3724.0,7271.0,5136.0,1934.0
2026-10-02T17:57:22+08:00,93,0.2673,,0.9573236703872681,3.849431818181818e-05,0.25655172413793104,298659.0,31597,3.01508310000645,2926.39501953125,3426.0,1503.49853515625,3426.0,7569.0,3724.0,1934.0
2026-10-02T17:57:25+08:00,94,0.267,,1.571590781211853,3.835227272727273e-05,0.2593103448275862,301859.0,31977,3.118147699991823,3024.455078125,5232.0,1503.5146484375,5232.0,5763.0,3426.0,1934.0
2026-10-02T17:57:28+08:00,95,0.0569,,0.5551076531410217,3.821022727272727e-05,0.2620689655172414,305295.0,32258,3.130461100008688,3392.75244140625,4216.0,1503.5205078125,4216.0,6779.0,5232.0,1934.0
2026-10-02T17:57:31+08:00,96,0.4109,,1.2382254600524902,3.8068181818181816e-05,0.26482758620689656,308484.0,32548,2.943497700005537,3270.71435546875,4304.0,1503.5146484375,4304.0,6691.0,4216.0,1934.0
2026-10-02T17:57:34+08:00,97,0.1544,,0.7924275994300842,3.792613636363637e-05,0.2675862068965517,311635.0,32864,3.0886494999867864,3177.390625,4392.0,1503.5146484375,4392.0,6603.0,4304.0,1934.0
2026-10-02T17:57:39+08:00,98,0.2048,,1.126662254333496,3.778409090909091e-05,0.27034482758620687,315308.0,33279,4.404315699997824,3630.884765625,6380.0,1503.5263671875,6380.0,4615.0,4392.0,1934.0
2026-10-02T17:57:46+08:00,99,0.1353,,0.5856772661209106,3.764204545454545e-05,0.2731034482758621,319338.0,33708,7.2533117000130005,4154.0458984375,4772.0,1503.53515625,4772.0,6223.0,6380.0,1934.0
2026-10-02T17:57:53+08:00,100,0.1202,,1.1592806577682495,3.7500000000000003e-05,0.27586206896551724,322411.0,34058,6.970379599995795,3110.32080078125,4600.0,1503.5146484375,4600.0,6395.0,4772.0,1934.0
2026-10-02T17:58:00+08:00,101,0.1956,,1.1148085594177246,3.735795454545455e-05,0.2786206896551724,325101.0,34344,7.063941399988835,3221.0771484375,4818.0,1503.505859375,4818.0,6177.0,4600.0,1934.0
2026-10-02T17:58:07+08:00,102,0.0804,,0.6960889101028442,3.721590909090909e-05,0.2813793103448276,328812.0,34770,6.572918799996842,3928.29296875,5238.0,1503.5263671875,5238.0,5757.0,4818.0,1936.0
2026-10-02T17:58:13+08:00,103,0.4103,,1.3719797134399414,3.707386363636364e-05,0.28413793103448276,331833.0,35081,6.8962434999994,3189.87353515625,5192.0,1503.51318359375,5192.0,5803.0,5238.0,1934.0
2026-10-02T17:58:21+08:00,104,0.1437,,0.48222866654396057,3.6931818181818184e-05,0.2868965517241379,336023.0,35755,7.820649100001901,6265.677734375,10588.0,1503.5380859375,10588.0,0.0,5192.0,1936.0
2026-10-02T17:58:29+08:00,105,0.1841,,0.9372721314430237,3.678977272727273e-05,0.2896551724137931,338581.0,36055,6.86218120000558,2798.365234375,5248.0,1503.50146484375,5248.0,5747.0,10588.0,1934.0
2026-10-02T17:58:36+08:00,106,0.1451,,0.8801307082176208,3.6647727272727274e-05,0.2924137931034483,341701.0,36312,6.774847500011674,3184.24072265625,6848.0,1503.517578125,6848.0,4147.0,5248.0,1934.0
2026-10-02T17:58:43+08:00,107,0.3497,,1.291721224784851,3.650568181818182e-05,0.29517241379310344,344763.0,36629,6.683659299989813,3208.60009765625,5032.0,1503.51318359375,5032.0,5963.0,6848.0,1934.0
2026-10-02T17:58:50+08:00,108,0.1948,,0.9212970733642578,3.6363636363636364e-05,0.2979310344827586,348130.0,36940,6.876450900002965,3217.07421875,5288.0,1503.5205078125,5288.0,5707.0,5032.0,1934.0
2026-10-02T17:58:57+08:00,109,0.1227,,0.5956224203109741,3.6221590909090916e-05,0.3006896551724138,351409.0,37233,6.94814170000609,3283.5107421875,5280.0,1503.517578125,5280.0,5715.0,5288.0,1934.0
2026-10-02T17:59:04+08:00,110,0.2235,,0.9158809185028076,3.6079545454545454e-05,0.30344827586206896,354262.0,37589,6.813026999996509,3317.83203125,4608.0,1503.50732421875,4608.0,6387.0,5280.0,1934.0
2026-10-02T17:59:12+08:00,111,0.4751,,0.7517396807670593,3.59375e-05,0.3062068965517241,359306.0,38638,8.089262199995574,7472.7080078125,12502.0,1503.56005859375,12502.0,0.0,4608.0,1934.0
2026-10-02T17:59:19+08:00,112,0.2717,,0.9545068740844727,3.579545454545455e-05,0.30896551724137933,363224.0,38937,7.162091200007126,3756.78564453125,5222.0,1503.53076171875,5222.0,5773.0,12502.0,1934.0
2026-10-02T17:59:26+08:00,113,0.0559,,0.5707839727401733,3.565340909090909e-05,0.3117241379310345,366016.0,39217,6.880954899999779,2915.19140625,4712.0,1503.505859375,4712.0,6283.0,5222.0,1934.0
2026-10-02T17:59:33+08:00,114,0.0837,,0.6101747751235962,3.5511363636363635e-05,0.31448275862068964,369983.0,39652,6.853537000002689,4092.73681640625,8794.0,1503.5322265625,8794.0,1206.75,4712.0,1934.0
2026-10-02T17:59:39+08:00,115,0.1825,,0.7251964807510376,3.5369318181818186e-05,0.31724137931034485,373410.0,40000,6.668342299992219,3277.27001953125,3674.0,1503.51904296875,3674.0,7321.0,8794.0,1934.0
2026-10-02T17:59:46+08:00,116,0.1377,,0.8318201899528503,3.522727272727273e-05,0.32,377346.0,40407,6.867250899987994,4884.99658203125,5598.0,1503.5322265625,5598.0,5397.0,3674.0,1934.0
2026-10-02T17:59:53+08:00,117,0.1322,,0.9256803393363953,3.508522727272727e-05,0.32275862068965516,381142.0,40804,6.840052300001844,3714.23974609375,4958.0,1503.53076171875,4958.0,6037.0,5598.0,1934.0
2026-10-02T18:00:00+08:00,118,0.2634,,0.8442280292510986,3.494318181818182e-05,0.3255172413793103,383842.0,41111,6.867558499987354,3027.56787109375,3936.0,1503.505859375,3936.0,7059.0,4958.0,1934.0
2026-10-02T18:00:07+08:00,119,0.1868,,0.7559418678283691,3.480113636363637e-05,0.32827586206896553,386517.0,41437,6.661643200000981,2993.2353515625,5040.0,1503.505859375,5040.0,5955.0,3936.0,1934.0
2026-10-02T18:00:13+08:00,120,0.063,,0.31758710741996765,3.465909090909091e-05,0.3310344827586207,390258.0,41912,6.8384566999884555,4478.92333984375,6134.0,1503.52783203125,6134.0,4861.0,5040.0,1934.0
2026-10-02T18:00:20+08:00,121,0.0745,,0.529013454914093,3.451704545454546e-05,0.33379310344827584,393688.0,42198,6.871192999999039,3227.4833984375,4816.0,1503.52197265625,4816.0,6179.0,6134.0,1934.0
2026-10-02T18:00:27+08:00,122,0.1556,,0.6363877058029175,3.4375e-05,0.33655172413793105,396499.0,42549,7.110625700006494,2980.0517578125,4768.0,1503.50732421875,4768.0,6227.0,4816.0,1934.0
2026-10-02T18:00:34+08:00,123,0.0356,,0.42798975110054016,3.423295454545455e-05,0.3393103448275862,399686.0,42830,6.924987599995802,3163.41845703125,6056.0,1503.51318359375,6056.0,4939.0,4768.0,1934.0
2026-10-02T18:00:41+08:00,124,0.151,,0.6955321431159973,3.409090909090909e-05,0.34206896551724136,402815.0,43181,6.7965331000013975,3249.095703125,3946.0,1503.5146484375,3946.0,7049.0,6056.0,1936.0
2026-10-02T18:00:48+08:00,125,0.1646,,0.8283017873764038,3.394886363636364e-05,0.3448275862068966,406115.0,43491,6.995854799999506,3090.00146484375,3426.0,1503.517578125,3426.0,7569.0,3946.0,1934.0
2026-10-02T18:00:55+08:00,126,0.2037,,0.7582192420959473,3.380681818181818e-05,0.34758620689655173,409232.0,43906,7.0069116999948164,3233.56884765625,4650.0,1503.51318359375,4650.0,6345.0,3426.0,1934.0
2026-10-02T18:01:02+08:00,127,0.1604,,0.8095802664756775,3.3664772727272734e-05,0.3503448275862069,412089.0,44227,6.819208500004606,2982.91650390625,3380.0,1503.50732421875,3380.0,7615.0,4650.0,1934.0
2026-10-02T18:01:09+08:00,128,0.0956,,0.5899062156677246,3.352272727272727e-05,0.35310344827586204,415276.0,44587,7.0192570999934105,3405.232421875,5304.0,1503.51611328125,5304.0,5691.0,3380.0,1934.0
2026-10-02T18:01:16+08:00,129,0.167,,0.8124263286590576,3.338068181818182e-05,0.35586206896551725,417746.0,44861,6.665635800003656,3281.10693359375,4528.0,1503.49853515625,4528.0,6467.0,5304.0,1934.0
2026-10-02T18:01:23+08:00,130,0.0429,,0.6534560322761536,3.323863636363637e-05,0.3586206896551724,420650.0,45174,7.0766335999942385,3142.095703125,3584.0,1503.5087890625,3584.0,7411.0,4528.0,1934.0
2026-10-02T18:01:30+08:00,131,0.0732,,0.5176070928573608,3.3096590909090915e-05,0.36137931034482756,423416.0,45477,7.021278500003973,3534.06787109375,5620.0,1503.50732421875,5620.0,5375.0,3584.0,1934.0
2026-10-02T18:01:37+08:00,132,0.1973,,0.805807888507843,3.295454545454545e-05,0.3641379310344828,426247.0,45766,6.94578849998652,3066.52978515625,5278.0,1503.5087890625,5278.0,5717.0,5620.0,1934.0
2026-10-02T18:01:43+08:00,133,0.1156,,0.6215316653251648,3.2812500000000005e-05,0.36689655172413793,430099.0,46200,6.517919500009157,3585.75048828125,3994.0,1503.5322265625,3994.0,7001.0,5278.0,1934.0
2026-10-02T18:01:50+08:00,134,0.2371,,0.9912340641021729,3.267045454545455e-05,0.3696551724137931,433237.0,46579,7.012035499996273,3068.14892578125,6722.0,1503.51318359375,6722.0,4273.0,3994.0,1934.0
2026-10-02T18:01:57+08:00,135,0.2285,,0.7766703367233276,3.252840909090909e-05,0.3724137931034483,436324.0,46915,6.932538699998986,3125.111328125,5096.0,1503.5146484375,5096.0,5899.0,6722.0,1934.0
2026-10-02T18:02:04+08:00,136,0.1348,,0.7115925550460815,3.238636363636364e-05,0.37517241379310345,438984.0,47236,6.872515000010026,2948.01904296875,6274.0,1503.5029296875,6274.0,4721.0,5096.0,1936.0
2026-10-02T18:02:11+08:00,137,0.0656,,0.7455052733421326,3.2244318181818185e-05,0.3779310344827586,441648.0,47495,6.83822560000408,2724.81591796875,5344.0,1503.5029296875,5344.0,5651.0,6274.0,1934.0
2026-10-02T18:02:18+08:00,138,0.2356,,1.3715029954910278,3.210227272727273e-05,0.38068965517241377,444785.0,47836,6.94090669999423,3217.962890625,5352.0,1503.51318359375,5352.0,5643.0,5344.0,1934.0
2026-10-02T18:02:25+08:00,139,0.1778,,0.8308387994766235,3.1960227272727275e-05,0.383448275862069,447744.0,48093,6.582983900007093,3152.61083984375,4072.0,1503.51025390625,4072.0,6923.0,5352.0,1934.0
2026-10-02T18:02:31+08:00,140,0.2092,,0.937101423740387,3.181818181818182e-05,0.38620689655172413,451032.0,48421,6.309383400002844,3077.74951171875,5496.0,1503.517578125,5496.0,5499.0,4072.0,1934.0
2026-10-02T18:02:38+08:00,141,0.226,,0.9636712670326233,3.1676136363636365e-05,0.3889655172413793,454258.0,48740,6.6632004999992205,3177.3935546875,4184.0,1503.517578125,4184.0,6811.0,5496.0,1934.0
2026-10-02T18:02:44+08:00,142,0.2007,,0.8504719734191895,3.153409090909091e-05,0.3917241379310345,457346.0,49074,6.79592259999481,3155.85205078125,3826.0,1503.51318359375,3826.0,7169.0,4184.0,1934.0
2026-10-02T18:02:51+08:00,143,0.1843,,0.8566613793373108,3.1392045454545456e-05,0.39448275862068966,460310.0,49399,6.484209999995073,3205.85302734375,4256.0,1503.51025390625,4256.0,6739.0,3826.0,1934.0
2026-10-02T18:02:58+08:00,144,0.2006,,0.8570414781570435,3.125e-05,0.3972413793103448,463633.0,49828,6.867577700002585,3480.3134765625,4066.0,1503.51904296875,4066.0,6929.0,4256.0,1934.0
2026-10-02T18:03:05+08:00,145,0.2665,,1.0516268014907837,3.1107954545454546e-05,0.4,466667.0,50138,6.833614999995916,3152.6123046875,4664.0,1503.51171875,4664.0,6331.0,4066.0,1934.0
2026-10-02T18:03:12+08:00,146,0.0721,,0.45058393478393555,3.096590909090909e-05,0.4027586206896552,470917.0,50668,7.307633300006273,5718.001953125,7604.0,1503.541015625,7604.0,3391.0,4664.0,1934.0
2026-10-02T18:03:16+08:00,147,0.0404,,0.42620405554771423,3.0823863636363636e-05,0.40551724137931033,474102.0,50962,3.7353448000067146,3255.41748046875,6008.0,1503.5146484375,6008.0,4987.0,7604.0,1936.0
2026-10-02T18:03:19+08:00,148,0.1001,,0.554979145526886,3.068181818181818e-05,0.40827586206896554,477682.0,51483,3.03921079999418,3691.55517578125,5178.0,1503.52490234375,5178.0,5817.0,6008.0,1934.0
2026-10-02T18:03:22+08:00,149,0.1387,,0.9057415723800659,3.053977272727273e-05,0.4110344827586207,480592.0,51817,3.076713500006008,2927.69482421875,4786.0,1503.5087890625,4786.0,6209.0,5178.0,1934.0
2026-10-02T18:03:25+08:00,150,0.1409,,0.7996538877487183,3.039772727272727e-05,0.41379310344827586,483356.0,52124,3.203076100006001,3584.4658203125,5960.0,1503.505859375,5960.0,5035.0,4786.0,1934.0
2026-10-02T18:03:29+08:00,151,0.16,,0.8270039558410645,3.025568181818182e-05,0.416551724137931,485916.0,52427,3.686208400002215,2918.32373046875,5640.0,1503.50146484375,5640.0,5355.0,5960.0,1934.0
2026-10-02T18:03:32+08:00,152,0.1661,,0.7759589552879333,3.0113636363636365e-05,0.4193103448275862,489687.0,52853,3.077590599990799,3853.15771484375,6168.0,1503.52783203125,6168.0,4827.0,5640.0,1934.0
2026-10-02T18:03:35+08:00,153,0.1735,,0.897098958492279,2.9971590909090913e-05,0.4220689655172414,492666.0,53211,3.081549400012591,3195.44580078125,4064.0,1503.51171875,4064.0,6931.0,6168.0,1934.0
2026-10-02T18:03:38+08:00,154,0.2243,,1.0756021738052368,2.9829545454545455e-05,0.42482758620689653,495558.0,53549,3.4607633000123315,3110.31640625,4912.0,1503.51025390625,4912.0,6083.0,4064.0,1934.0
2026-10-02T18:03:42+08:00,155,0.1361,,1.029876947402954,2.96875e-05,0.42758620689655175,498027.0,53824,3.2173370999953477,2936.80224609375,5092.0,1503.4970703125,5092.0,5903.0,4912.0,1934.0
2026-10-02T18:03:45+08:00,156,0.1195,,1.2297701835632324,2.954545454545455e-05,0.4303448275862069,501371.0,54308,2.977367500003311,3550.0546875,3954.0,1503.517578125,3954.0,7041.0,5092.0,1934.0
2026-10-02T18:03:48+08:00,157,0.2143,,0.9553719758987427,2.940340909090909e-05,0.43310344827586206,504742.0,54630,3.2431630000064615,3568.2841796875,7192.0,1503.5205078125,7192.0,3803.0,3954.0,1934.0
2026-10-02T18:03:51+08:00,158,0.2116,,0.8929025530815125,2.9261363636363635e-05,0.43586206896551727,507605.0,54927,2.9426254000136396,3358.40673828125,4050.0,1503.50732421875,4050.0,6945.0,7192.0,1936.0
2026-10-02T18:03:55+08:00,159,0.7144,,0.9643463492393494,2.9119318181818184e-05,0.4386206896551724,512739.0,55583,4.5198139999993145,7250.490234375,10924.0,1503.56298828125,10924.0,0.0,4050.0,1934.0
2026-10-02T18:03:58+08:00,160,0.168,,1.8321908712387085,2.8977272727272732e-05,0.4413793103448276,516187.0,55930,3.063420299993595,3411.6513671875,4736.0,1503.52490234375,4736.0,6259.0,10924.0,1934.0
2026-10-02T18:04:01+08:00,161,0.2371,,1.2813478708267212,2.883522727272727e-05,0.44413793103448274,519354.0,56173,3.0495274999993853,3076.94482421875,3456.0,1503.51611328125,3456.0,7539.0,4736.0,1934.0
2026-10-02T18:04:05+08:00,162,0.1505,,1.00009024143219,2.869318181818182e-05,0.44689655172413795,522436.0,56478,3.2571873999986565,3221.08447265625,4984.0,1503.51318359375,4984.0,6011.0,3456.0,1934.0
2026-10-02T18:04:08+08:00,163,0.2282,,1.0146114826202393,2.8551136363636367e-05,0.4496551724137931,525144.0,56750,3.086366100003943,3129.55322265625,3564.0,1503.505859375,3564.0,7431.0,4984.0,1934.0
2026-10-02T18:04:11+08:00,164,0.1844,,0.9908158779144287,2.8409090909090912e-05,0.45241379310344826,528528.0,57043,3.3317888000019593,3286.63427734375,5662.0,1503.5205078125,5662.0,5333.0,3564.0,1934.0
2026-10-02T18:04:14+08:00,165,0.1585,,0.8260296583175659,2.8267045454545454e-05,0.45517241379310347,531581.0,57378,3.197258900007,3002.60498046875,5322.0,1503.51171875,5322.0,5673.0,5662.0,1934.0
2026-10-02T18:04:18+08:00,166,0.1438,,0.46831995248794556,2.8125000000000003e-05,0.4579310344827586,536473.0,58150,3.7966162000084296,6608.43017578125,7770.0,1503.5556640625,7770.0,3225.0,5322.0,1934.0
2026-10-02T18:04:21+08:00,167,0.1135,,0.7716387510299683,2.7982954545454548e-05,0.4606896551724138,539022.0,58466,3.2691680999996606,2840.4462890625,4016.0,1503.5029296875,4016.0,6979.0,7770.0,1934.0
2026-10-02T18:04:25+08:00,168,0.0371,,0.46439191699028015,2.784090909090909e-05,0.463448275862069,541743.0,58739,3.156355099999928,2989.615234375,3382.0,1503.5029296875,3382.0,7613.0,4016.0,1934.0
2026-10-02T18:04:28+08:00,169,0.2551,,1.0800045728683472,2.7698863636363638e-05,0.46620689655172415,544869.0,59070,3.1228943999885814,3137.40673828125,5858.0,1503.51318359375,5858.0,5137.0,3382.0,1934.0
2026-10-02T18:04:31+08:00,170,0.2389,,0.948374330997467,2.7556818181818183e-05,0.4689655172413793,548089.0,59474,3.249468900001375,3255.4189453125,3936.0,1503.51611328125,3936.0,7059.0,5858.0,1934.0
2026-10-02T18:04:34+08:00,171,0.2617,,1.1428815126419067,2.741477272727273e-05,0.47172413793103446,552105.0,59787,3.121167000004789,3746.3955078125,5468.0,1503.5322265625,5468.0,5527.0,3936.0,1934.0
2026-10-02T18:04:38+08:00,172,0.3117,,0.8681716322898865,2.7272727272727273e-05,0.47448275862068967,555778.0,60334,3.4143162999971537,5102.427734375,7214.0,1503.52783203125,7214.0,3781.0,5468.0,1934.0
2026-10-02T18:04:41+08:00,173,0.0538,,0.4240058958530426,2.7130681818181818e-05,0.4772413793103448,559756.0,60774,3.41606459999457,4931.47412109375,7442.0,1503.53369140625,7442.0,3553.0,7214.0,1934.0
2026-10-02T18:04:44+08:00,174,0.0741,,0.6632977724075317,2.6988636363636367e-05,0.48,562894.0,61112,3.1950708999938797,3044.91748046875,6428.0,1503.51611328125,6428.0,4567.0,7442.0,1934.0
2026-10-02T18:04:48+08:00,175,0.0664,,0.5151235461235046,2.6846590909090912e-05,0.4827586206896552,566479.0,61448,3.33225950000633,4112.283203125,7632.0,1503.52490234375,7632.0,3363.0,6428.0,1934.0
2026-10-02T18:04:51+08:00,176,0.2545,,0.8844584822654724,2.6704545454545453e-05,0.48551724137931035,569876.0,61885,3.1112532000115607,3383.392578125,5608.0,1503.5234375,5608.0,5387.0,7632.0,1934.0
2026-10-02T18:04:54+08:00,177,0.1945,,0.7902423143386841,2.6562500000000002e-05,0.4882758620689655,573235.0,62294,3.3177909000078216,4117.6611328125,7308.0,1503.51904296875,7308.0,3687.0,5608.0,1934.0
2026-10-02T18:04:57+08:00,178,0.0456,,0.3456420302391052,2.6420454545454547e-05,0.4910344827586207,576192.0,62588,3.2014678999985335,3033.69921875,5160.0,1503.5087890625,5160.0,5835.0,7308.0,1934.0
2026-10-02T18:05:00+08:00,179,0.069,,0.7218417525291443,2.627840909090909e-05,0.49379310344827587,580269.0,62961,3.251031599997077,4589.1435546875,6514.0,1503.53662109375,6514.0,4481.0,5160.0,1936.0
2026-10-02T18:05:04+08:00,180,0.1451,,1.3618706464767456,2.6136363636363637e-05,0.496551724137931,583328.0,63257,3.178539100001217,3089.35205078125,3536.0,1503.51318359375,3536.0,7459.0,6514.0,1934.0
2026-10-02T18:05:07+08:00,181,0.0774,,0.5678012371063232,2.5994318181818182e-05,0.4993103448275862,586400.0,63584,3.0774585000035586,3077.74365234375,4436.0,1503.51171875,4436.0,6559.0,3536.0,1936.0
2026-10-02T18:05:10+08:00,182,0.2214,,1.0542632341384888,2.585227272727273e-05,0.5020689655172413,589467.0,63874,3.179754299999331,3199.236328125,5040.0,1503.51318359375,5040.0,5955.0,4436.0,1934.0
2026-10-02T18:05:13+08:00,183,0.1171,,0.7230769991874695,2.5710227272727272e-05,0.5048275862068966,592029.0,64177,3.0716780000075232,2991.25537109375,4294.0,1503.5,4294.0,6701.0,5040.0,1934.0
2026-10-02T18:05:16+08:00,184,0.2128,,0.9595714211463928,2.5568181818181817e-05,0.5075862068965518,595012.0,64503,3.0758433000009973,3087.34765625,3968.0,1503.51025390625,3968.0,7027.0,4294.0,1936.0
2026-10-02T18:05:19+08:00,185,0.1341,,0.8481881022453308,2.5426136363636366e-05,0.5103448275862069,598445.0,64829,3.085264900000766,3534.0810546875,5336.0,1503.5205078125,5336.0,5659.0,3968.0,1934.0
2026-10-02T18:05:22+08:00,186,0.1084,,0.4630940854549408,2.5284090909090914e-05,0.5131034482758621,601992.0,65320,3.127700500001083,3335.57958984375,7414.0,1503.52197265625,7414.0,3581.0,5336.0,1934.0
2026-10-02T18:05:25+08:00,187,0.1294,,1.0111600160598755,2.5142045454545453e-05,0.5158620689655172,604975.0,65624,3.112862400012091,3811.37890625,5832.0,1503.51171875,5832.0,5163.0,7414.0,1934.0
2026-10-02T18:05:29+08:00,188,0.1549,,0.785163164138794,2.5e-05,0.5186206896551724,608372.0,65936,3.142854300007457,3595.79052734375,5872.0,1503.52197265625,5872.0,5123.0,5832.0,1934.0
2026-10-02T18:05:32+08:00,189,0.3252,,0.9484102129936218,2.4857954545454546e-05,0.5213793103448275,612072.0,66410,3.143903100004536,4329.6396484375,6144.0,1503.52783203125,6144.0,4851.0,5872.0,1934.0
2026-10-02T18:05:35+08:00,190,0.191,,1.0329248905181885,2.471590909090909e-05,0.5241379310344828,614993.0,66745,3.168300699995598,3080.63037109375,3872.0,1503.51025390625,3872.0,7123.0,6144.0,1934.0
2026-10-02T18:05:38+08:00,191,0.1399,,1.7086869478225708,2.4573863636363636e-05,0.526896551724138,617454.0,67056,2.994186300013098,3112.359375,4498.0,1503.4970703125,4498.0,6497.0,3872.0,1934.0
2026-10-02T18:05:41+08:00,192,0.0856,,0.6716603636741638,2.4431818181818185e-05,0.5296551724137931,620562.0,67365,3.03732289999607,3168.0244140625,5112.0,1503.51318359375,5112.0,5883.0,4498.0,1934.0
2026-10-02T18:05:44+08:00,193,0.1897,,0.9370630979537964,2.4289772727272727e-05,0.5324137931034483,623374.0,67638,2.976546399993822,3206.65234375,5394.0,1503.50732421875,5394.0,5601.0,5112.0,1936.0
2026-10-02T18:05:47+08:00,194,0.1345,,0.9651433825492859,2.4147727272727275e-05,0.5351724137931034,626636.0,67910,3.0409159999981057,3066.53857421875,6104.0,1503.517578125,6104.0,4891.0,5394.0,1934.0
2026-10-02T18:05:50+08:00,195,0.1378,,0.8137356638908386,2.400568181818182e-05,0.5379310344827586,629590.0,68223,2.9684287999989465,3255.4130859375,4272.0,1503.51025390625,4272.0,6723.0,6104.0,1934.0
2026-10-02T18:05:53+08:00,196,0.1822,,1.5012390613555908,2.3863636363636365e-05,0.5406896551724137,632637.0,68512,3.036518900000374,3055.3232421875,6680.0,1503.51318359375,6680.0,4315.0,4272.0,1934.0
2026-10-02T18:05:56+08:00,197,0.1937,,0.87730473279953,2.372159090909091e-05,0.543448275862069,635974.0,68802,2.9348234000062803,3207.64697265625,3644.0,1503.517578125,3644.0,7351.0,6680.0,1936.0
2026-10-02T18:05:59+08:00,198,0.1507,,0.805388331413269,2.3579545454545455e-05,0.5462068965517242,639067.0,69167,3.0776164999988396,3049.42236328125,6338.0,1503.51318359375,6338.0,4657.0,3644.0,1934.0
2026-10-02T18:06:02+08:00,199,0.1634,,0.9253386855125427,2.34375e-05,0.5489655172413793,642650.0,69459,3.111166899994714,3258.9443359375,3684.0,1503.52490234375,3684.0,7311.0,6338.0,1934.0
2026-10-02T18:06:05+08:00,200,0.1266,,0.8181612491607666,2.3295454545454546e-05,0.5517241379310345,645550.0,69768,3.1664292000059504,3524.74072265625,5216.0,1503.5087890625,5216.0,5779.0,3684.0,1934.0
2026-10-02T18:06:36+08:00,200,,0.19848759595486998,,,0.5517241379310345,,69768,,5186.408203125,6356.0,1503.5087890625,1934.0,9061.0,,
2026-10-02T18:06:42+08:00,201,0.1059,,0.6519045829772949,2.315340909090909e-05,0.5544827586206896,648274.0,70045,3.1172657999995863,2852.78271484375,4720.0,1503.5029296875,4720.0,6275.0,1934.0,1934.0
2026-10-02T18:06:45+08:00,202,0.1165,,0.7304835915565491,2.3011363636363636e-05,0.5572413793103448,651431.0,70413,3.00654050000594,3229.4921875,3664.0,1503.5146484375,3664.0,7331.0,4720.0,1934.0
2026-10-02T18:06:48+08:00,203,0.226,,0.8340715765953064,2.2869318181818184e-05,0.56,654629.0,70794,2.930127599989646,3189.87646484375,5302.0,1503.51611328125,5302.0,5693.0,3664.0,1934.0
2026-10-02T18:06:51+08:00,204,0.1861,,0.950961709022522,2.272727272727273e-05,0.5627586206896552,657492.0,71100,3.056365700002061,3066.52978515625,4444.0,1503.5087890625,4444.0,6551.0,5302.0,1934.0
2026-10-02T18:06:54+08:00,205,0.1302,,0.6271350383758545,2.2585227272727274e-05,0.5655172413793104,661164.0,71451,3.0347445999941556,3431.21875,3844.0,1503.52490234375,3844.0,7151.0,4444.0,1934.0
2026-10-02T18:06:57+08:00,206,0.1015,,0.8823941946029663,2.244318181818182e-05,0.5682758620689655,664134.0,71746,3.067606100012199,2918.333984375,4784.0,1503.51171875,4784.0,6211.0,3844.0,1934.0
2026-10-02T18:07:00+08:00,207,0.1322,,0.6281914114952087,2.2301136363636365e-05,0.5710344827586207,667601.0,72195,2.9823140999942552,3574.5068359375,6198.0,1503.5234375,6198.0,4797.0,4784.0,1934.0
2026-10-02T18:07:03+08:00,208,0.2428,,0.7271244525909424,2.215909090909091e-05,0.5737931034482758,671126.0,72649,2.941245699999854,3208.6103515625,5176.0,1503.5234375,5176.0,5819.0,6198.0,1934.0
2026-10-02T18:07:06+08:00,209,0.0415,,0.4701676666736603,2.2017045454545458e-05,0.576551724137931,674147.0,72959,3.024364400000195,3749.33740234375,5616.0,1503.51025390625,5616.0,5379.0,5176.0,1934.0
2026-10-02T18:07:09+08:00,210,0.094,,0.6478718519210815,2.1875e-05,0.5793103448275863,677617.0,73301,3.010207500003162,3789.7958984375,6404.0,1503.52197265625,6404.0,4591.0,5616.0,1934.0
2026-10-02T18:07:12+08:00,211,0.126,,0.9146431088447571,2.1732954545454545e-05,0.5820689655172414,680867.0,73595,3.1738235999946482,3184.24072265625,4466.0,1503.517578125,4466.0,6529.0,6404.0,1934.0
2026-10-02T18:07:15+08:00,212,0.1474,,0.6950846314430237,2.1590909090909093e-05,0.5848275862068966,683506.0,73986,2.9033103000110714,2896.4765625,4022.0,1503.50146484375,4022.0,6973.0,4466.0,1934.0
2026-10-02T18:07:18+08:00,213,0.1193,,0.9268897771835327,2.1448863636363635e-05,0.5875862068965517,687144.0,74263,2.9769362999941222,3714.2353515625,6214.0,1503.5263671875,6214.0,4781.0,4022.0,1934.0
2026-10-02T18:07:21+08:00,214,0.2099,,0.773938000202179,2.1306818181818183e-05,0.5903448275862069,690385.0,74707,2.8782588000030955,3486.90966796875,5038.0,1503.517578125,5038.0,5957.0,6214.0,1934.0
2026-10-02T18:07:24+08:00,215,0.1451,,0.7689527869224548,2.116477272727273e-05,0.593103448275862,693147.0,75044,2.9029804000019794,2870.31103515625,3290.0,1503.505859375,3290.0,7705.0,5038.0,1934.0
2026-10-02T18:07:26+08:00,216,0.0623,,0.6828160881996155,2.1022727272727274e-05,0.5958620689655172,696182.0,75395,2.8413362999999663,3089.3505859375,3536.0,1503.51171875,3536.0,7459.0,3290.0,1934.0
2026-10-02T18:07:29+08:00,217,0.1561,,1.1739808320999146,2.088068181818182e-05,0.5986206896551725,699313.0,75681,2.9865506000060122,3206.65966796875,5360.0,1503.5146484375,5360.0,5635.0,3536.0,1934.0
2026-10-02T18:07:32+08:00,218,0.2008,,1.0082721710205078,2.0738636363636367e-05,0.6013793103448276,702120.0,75971,2.900504200006253,3012.8798828125,4398.0,1503.505859375,4398.0,6597.0,5360.0,1934.0
2026-10-02T18:07:35+08:00,219,0.1381,,0.8701533079147339,2.059659090909091e-05,0.6041379310344828,705511.0,76351,3.067656100000022,3833.1279296875,4766.0,1503.52197265625,4766.0,6229.0,4398.0,1934.0
2026-10-02T18:07:38+08:00,220,0.2295,,0.9357771873474121,2.0454545454545457e-05,0.6068965517241379,708716.0,76700,2.911368600005517,3433.32275390625,4730.0,1503.51611328125,4730.0,6265.0,4766.0,1934.0
2026-10-02T18:07:42+08:00,221,0.0875,,0.6525307297706604,2.0312500000000002e-05,0.6096551724137931,712644.0,77222,3.395393500002683,5224.85791015625,7124.0,1503.5322265625,7124.0,3871.0,4730.0,1934.0
2026-10-02T18:07:45+08:00,222,0.0864,,0.5792853832244873,2.0170454545454544e-05,0.6124137931034482,715669.0,77635,2.950978499997291,3110.31787109375,4470.0,1503.51171875,4470.0,6525.0,7124.0,1934.0
2026-10-02T18:07:48+08:00,223,0.0414,,0.542718231678009,2.0028409090909093e-05,0.6151724137931035,718762.0,77961,3.4721781999978703,3088.15283203125,5502.0,1503.51318359375,5502.0,5493.0,4470.0,1934.0
2026-10-02T18:07:52+08:00,224,0.1158,,0.6359524726867676,1.9886363636363638e-05,0.6179310344827587,722196.0,78348,3.870246299993596,3367.60546875,5472.0,1503.5205078125,5472.0,5523.0,5502.0,1934.0
2026-10-02T18:07:56+08:00,225,0.0327,,0.4053758978843689,1.9744318181818183e-05,0.6206896551724138,725426.0,78647,3.5804300000017975,3454.07861328125,6424.0,1503.51611328125,6424.0,4571.0,5472.0,1934.0
2026-10-02T18:07:59+08:00,226,0.1902,,0.8044410347938538,1.9602272727272728e-05,0.623448275862069,728593.0,78945,3.0156872999941697,3180.5126953125,3564.0,1503.51611328125,3564.0,7431.0,6424.0,1934.0
2026-10-02T18:08:03+08:00,227,0.1273,,0.8577399253845215,1.9460227272727273e-05,0.6262068965517241,731330.0,79252,4.594406100004562,3125.10107421875,5040.0,1503.50439453125,5040.0,5955.0,3564.0,1934.0
2026-10-02T18:08:06+08:00,228,0.1694,,0.7863488793373108,1.9318181818181818e-05,0.6289655172413793,734519.0,79634,3.225991100000101,3271.5205078125,4848.0,1503.517578125,4848.0,6147.0,5040.0,1934.0
2026-10-02T18:08:10+08:00,229,0.1083,,0.6793007254600525,1.9176136363636366e-05,0.6317241379310344,737807.0,79994,3.3922484000067925,3367.60107421875,5040.0,1503.51611328125,5040.0,5955.0,4848.0,1934.0
2026-10-02T18:08:13+08:00,230,0.1414,,0.6299359798431396,1.9034090909090908e-05,0.6344827586206897,741078.0,80377,3.40452070000174,3024.45947265625,3408.0,1503.51904296875,3408.0,7587.0,5040.0,1934.0
2026-10-02T18:08:17+08:00,231,0.0565,,0.5444158911705017,1.8892045454545457e-05,0.6372413793103449,744009.0,80672,3.3973963000025833,3036.93359375,4246.0,1503.5087890625,4246.0,6749.0,3408.0,1936.0
2026-10-02T18:08:20+08:00,232,0.0198,,0.3336210548877716,1.8750000000000002e-05,0.64,747369.0,80945,3.157767500000773,3208.607421875,7312.0,1503.5205078125,7312.0,3683.0,4246.0,1936.0
2026-10-02T18:08:23+08:00,233,0.1089,,0.6494636535644531,1.8607954545454543e-05,0.6427586206896552,750944.0,81287,3.3979267999966396,3229.50244140625,3664.0,1503.52490234375,3664.0,7331.0,7312.0,1934.0
2026-10-02T18:08:26+08:00,234,0.1261,,0.6832887530326843,1.8465909090909092e-05,0.6455172413793103,754744.0,81644,3.0818169999984093,3756.7841796875,5526.0,1503.529296875,5526.0,5469.0,3664.0,1934.0
2026-10-02T18:08:30+08:00,235,0.0639,,0.7379117608070374,1.8323863636363637e-05,0.6482758620689655,758381.0,81946,3.4334206999919843,3324.373046875,7664.0,1503.5263671875,7664.0,3331.0,5526.0,1934.0
2026-10-02T18:08:33+08:00,236,0.1159,,0.7967948317527771,1.8181818181818182e-05,0.6510344827586206,761858.0,82299,3.5303559999883873,3442.875,5864.0,1503.5234375,5864.0,5131.0,7664.0,1934.0
2026-10-02T18:08:37+08:00,237,0.1858,,1.2059210538864136,1.8039772727272727e-05,0.6537931034482759,764638.0,82536,3.358972799993353,3103.05224609375,4710.0,1503.505859375,4710.0,6285.0,5864.0,1934.0
2026-10-02T18:08:40+08:00,238,0.1487,,0.860763669013977,1.7897727272727276e-05,0.6565517241379311,767396.0,82873,3.1582923000096343,2843.421875,3240.0,1503.505859375,3240.0,7755.0,4710.0,1934.0
2026-10-02T18:08:43+08:00,239,0.0828,,0.7062312960624695,1.7755681818181817e-05,0.6593103448275862,770528.0,83198,3.425502299985965,3131.3232421875,5296.0,1503.51318359375,5296.0,5699.0,3240.0,1934.0
2026-10-02T18:08:47+08:00,240,0.1152,,0.9066936373710632,1.7613636363636366e-05,0.6620689655172414,773749.0,83519,3.2436075000005076,3497.31689453125,4086.0,1503.51611328125,4086.0,6909.0,5296.0,1934.0
2026-10-02T18:08:50+08:00,241,0.209,,0.9136340022087097,1.747159090909091e-05,0.6648275862068965,776998.0,83865,3.2403571999893757,3649.12744140625,4900.0,1503.51904296875,4900.0,6095.0,4086.0,1934.0
2026-10-02T18:08:53+08:00,242,0.1253,,0.8346669673919678,1.7329545454545456e-05,0.6675862068965517,779483.0,84140,3.182970599998953,2788.197265625,3210.0,1503.5,3210.0,7785.0,4900.0,1936.0
2026-10-02T18:08:56+08:00,243,0.2324,,0.9611440896987915,1.71875e-05,0.670344827586207,782639.0,84486,3.100777299987385,3465.2880859375,6768.0,1503.5146484375,6768.0,4227.0,3210.0,1934.0
2026-10-02T18:08:59+08:00,244,0.0718,,0.5715025663375854,1.7045454545454546e-05,0.6731034482758621,786132.0,84823,3.3721017000061693,3314.76318359375,4842.0,1503.52197265625,4842.0,6153.0,6768.0,1934.0
2026-10-02T18:09:03+08:00,245,0.1081,,0.7678970694541931,1.690340909090909e-05,0.6758620689655173,789642.0,85157,3.4728737999976147,3821.76708984375,6002.0,1503.52490234375,6002.0,4993.0,4842.0,1934.0
2026-10-02T18:09:06+08:00,246,0.1758,,0.913888156414032,1.6761363636363636e-05,0.6786206896551724,793107.0,85448,3.2482520999910776,3388.67578125,3814.0,1503.52197265625,3814.0,7181.0,6002.0,1934.0
2026-10-02T18:09:09+08:00,247,0.0654,,0.7765914797782898,1.6619318181818185e-05,0.6813793103448276,796160.0,85716,3.159442999996827,3177.390625,4402.0,1503.5146484375,4402.0,6593.0,3814.0,1934.0
2026-10-02T18:09:13+08:00,248,0.1333,,1.0807021856307983,1.6477272727272726e-05,0.6841379310344827,799192.0,86016,3.228722599989851,2969.64697265625,5952.0,1503.51171875,5952.0,5043.0,4402.0,1934.0
2026-10-02T18:09:16+08:00,249,0.1241,,0.6593195796012878,1.6335227272727275e-05,0.6868965517241379,802040.0,86340,3.078729300003033,3172.68017578125,3604.0,1503.5087890625,3604.0,7391.0,5952.0,1936.0
2026-10-02T18:09:19+08:00,250,0.0658,,0.6362958550453186,1.619318181818182e-05,0.6896551724137931,805248.0,86628,3.345506199999363,4047.66845703125,5610.0,1503.5146484375,5610.0,5385.0,3604.0,1934.0
2026-10-02T18:09:22+08:00,251,0.0851,,0.7488457560539246,1.6051136363636365e-05,0.6924137931034483,808440.0,86890,3.2463273000030313,3562.94580078125,4432.0,1503.5146484375,4432.0,6563.0,5610.0,1934.0
2026-10-02T18:09:25+08:00,252,0.1061,,1.0339275598526,1.590909090909091e-05,0.6951724137931035,811813.0,87129,3.157075099996291,3316.89111328125,3744.0,1503.52197265625,3744.0,7251.0,4432.0,1934.0
2026-10-02T18:09:28+08:00,253,0.1583,,0.8979246020317078,1.5767045454545455e-05,0.6979310344827586,815326.0,87450,3.052945400006138,3433.330078125,5136.0,1503.5234375,5136.0,5859.0,3744.0,1934.0
2026-10-02T18:09:32+08:00,254,0.2594,,1.0436716079711914,1.5625e-05,0.7006896551724138,818734.0,87783,3.201894399986486,3606.134765625,6218.0,1503.5205078125,6218.0,4777.0,5136.0,1934.0
2026-10-02T18:09:35+08:00,255,0.0159,,0.2741348147392273,1.5482954545454545e-05,0.7034482758620689,821668.0,88068,3.2831121000053827,3336.5615234375,4176.0,1503.51025390625,4176.0,6819.0,6218.0,1934.0
2026-10-02T18:09:38+08:00,256,0.0917,,0.5924326181411743,1.534090909090909e-05,0.7062068965517241,825407.0,88504,3.451381400009268,5154.4072265625,5938.0,1503.5263671875,5938.0,5057.0,4176.0,1934.0
2026-10-02T18:09:42+08:00,257,0.1554,,0.5830908417701721,1.5198863636363636e-05,0.7089655172413794,829123.0,89173,3.5820699999894714,5542.3037109375,6440.0,1503.52783203125,6440.0,4555.0,5938.0,1934.0
2026-10-02T18:09:45+08:00,258,0.1974,,1.2718597650527954,1.5056818181818182e-05,0.7117241379310345,832103.0,89478,3.3106993999972474,3609.26904296875,6548.0,1503.51171875,6548.0,4447.0,6440.0,1934.0
2026-10-02T18:09:48+08:00,259,0.1854,,1.0710738897323608,1.4914772727272727e-05,0.7144827586206897,835488.0,89787,3.1341331000003265,3432.46337890625,4288.0,1503.5205078125,4288.0,6707.0,6548.0,1936.0
2026-10-02T18:09:52+08:00,260,0.0938,,0.3852311968803406,1.4772727272727274e-05,0.7172413793103448,840276.0,90530,3.5529088000039337,5128.12255859375,7334.0,1503.552734375,7334.0,3661.0,4288.0,1934.0
2026-10-02T18:09:55+08:00,261,0.1004,,0.6614534258842468,1.4630681818181818e-05,0.72,843686.0,90857,3.114103600004455,3600.01806640625,6572.0,1503.51904296875,6572.0,4423.0,7334.0,1934.0
2026-10-02T18:09:58+08:00,262,0.1487,,0.8161222338676453,1.4488636363636366e-05,0.7227586206896551,846734.0,91151,3.060059800001909,2949.544921875,4320.0,1503.51171875,4320.0,6675.0,6572.0,1936.0
2026-10-02T18:10:01+08:00,263,0.1162,,0.8569141626358032,1.434659090909091e-05,0.7255172413793104,849720.0,91431,3.109907700010808,3172.681640625,3604.0,1503.51025390625,3604.0,7391.0,4320.0,1934.0
2026-10-02T18:10:05+08:00,264,0.1354,,0.8428564071655273,1.4204545454545456e-05,0.7282758620689656,852902.0,91750,3.4749096000014106,3271.02490234375,3664.0,1503.51611328125,3664.0,7331.0,3604.0,1934.0
2026-10-02T18:10:08+08:00,265,0.0708,,0.6682665348052979,1.4062500000000001e-05,0.7310344827586207,856388.0,92052,3.15854100001161,3507.73046875,4928.0,1503.52197265625,4928.0,6067.0,3664.0,1934.0
2026-10-02T18:10:11+08:00,266,0.1905,,1.0851911306381226,1.3920454545454545e-05,0.7337931034482759,859194.0,92348,3.1310373000014806,3112.36962890625,5816.0,1503.50732421875,5816.0,5179.0,4928.0,1934.0
2026-10-02T18:10:16+08:00,267,0.1406,,0.7743922472000122,1.3778409090909091e-05,0.736551724137931,862478.0,92671,4.821107999989181,3443.67138671875,4400.0,1503.517578125,4400.0,6595.0,5816.0,1934.0
2026-10-02T18:10:23+08:00,268,0.1978,,1.1581555604934692,1.3636363636363637e-05,0.7393103448275862,865260.0,92973,7.150532899991958,3177.3818359375,5944.0,1503.505859375,5944.0,5051.0,4400.0,1934.0
2026-10-02T18:10:30+08:00,269,0.0878,,1.1525567770004272,1.3494318181818183e-05,0.7420689655172413,868544.0,93344,6.69030770000245,3467.6572265625,7112.0,1503.51904296875,7112.0,3883.0,5944.0,1934.0
2026-10-02T18:10:37+08:00,270,0.0978,,0.5968606472015381,1.3352272727272727e-05,0.7448275862068966,871508.0,93744,6.915740799988271,3097.10205078125,3536.0,1503.51025390625,3536.0,7459.0,7112.0,1934.0
2026-10-02T18:10:43+08:00,271,0.1527,,0.8416785001754761,1.3210227272727273e-05,0.7475862068965518,874670.0,94143,6.624002999989898,3410.8388671875,5392.0,1503.5146484375,5392.0,5603.0,3536.0,1934.0
2026-10-02T18:10:50+08:00,272,0.0641,,0.46304988861083984,1.3068181818181819e-05,0.7503448275862069,878384.0,94514,6.718295500002569,3414.60791015625,5040.0,1503.52783203125,5040.0,5955.0,5392.0,1934.0
2026-10-02T18:10:56+08:00,273,0.2714,,1.0331571102142334,1.2926136363636365e-05,0.7531034482758621,881673.0,94802,6.333461900008842,3249.90087890625,4120.0,1503.517578125,4120.0,6875.0,5040.0,1934.0
2026-10-02T18:11:03+08:00,274,0.2618,,1.038270115852356,1.2784090909090909e-05,0.7558620689655172,884513.0,95198,6.873772299994016,3184.23193359375,4944.0,1503.5087890625,4944.0,6051.0,4120.0,1934.0
2026-10-02T18:11:10+08:00,275,0.0777,,0.744362473487854,1.2642045454545457e-05,0.7586206896551724,887014.0,95440,6.761286299995845,3239.7978515625,4080.0,1503.5,4080.0,6915.0,4944.0,1934.0
2026-10-02T18:11:17+08:00,276,0.078,,0.5425507426261902,1.25e-05,0.7613793103448275,891171.0,95948,7.219034699999611,4549.6201171875,7842.0,1503.5380859375,7842.0,1951.50390625,4080.0,1936.0
2026-10-02T18:11:24+08:00,277,0.1359,,0.7114303112030029,1.2357954545454546e-05,0.7641379310344828,894413.0,96279,6.874055000007502,3002.60791015625,4160.0,1503.5146484375,4160.0,6835.0,7842.0,1934.0
2026-10-02T18:11:31+08:00,278,0.1623,,0.944521427154541,1.2215909090909092e-05,0.766896551724138,897386.0,96549,6.745606700002099,3036.93798828125,6618.0,1503.51318359375,6618.0,4377.0,4160.0,1934.0
2026-10-02T18:11:38+08:00,279,0.5846,,1.0499635934829712,1.2073863636363638e-05,0.7696551724137931,902801.0,97239,7.413881499989657,7645.4521484375,10208.0,1503.564453125,10208.0,27.7578125,6618.0,1934.0
2026-10-02T18:11:45+08:00,280,0.069,,0.5003941059112549,1.1931818181818183e-05,0.7724137931034483,906577.0,97660,6.873059900011867,4930.15478515625,7392.0,1503.529296875,7392.0,3603.0,10208.0,1934.0
2026-10-02T18:11:52+08:00,281,0.1057,,0.7922917008399963,1.1789772727272728e-05,0.7751724137931034,909921.0,97977,6.917673200005083,3146.6357421875,5698.0,1503.51904296875,5698.0,5297.0,7392.0,1934.0
2026-10-02T18:11:59+08:00,282,0.3942,,1.921991229057312,1.1647727272727273e-05,0.7779310344827586,913562.0,98292,6.692457199998898,3706.0380859375,5456.0,1503.5234375,5456.0,5539.0,5698.0,1934.0
2026-10-02T18:12:06+08:00,283,0.1697,,1.0146657228469849,1.1505681818181818e-05,0.7806896551724138,917182.0,98660,6.78651710000122,3642.91455078125,4818.0,1503.52490234375,4818.0,6177.0,5456.0,1934.0
2026-10-02T18:12:13+08:00,284,0.4115,,1.0349575281143188,1.1363636363636365e-05,0.783448275862069,921512.0,99194,7.462327799992636,6955.0,8818.0,1503.541015625,8818.0,1178.69921875,4818.0,1934.0
2026-10-02T18:12:20+08:00,285,0.0838,,0.5709404349327087,1.122159090909091e-05,0.7862068965517242,924414.0,99496,6.900825000004261,3597.27001953125,5374.0,1503.51025390625,5374.0,5621.0,8818.0,1934.0
2026-10-02T18:12:27+08:00,286,0.1742,,0.9341235756874084,1.1079545454545455e-05,0.7889655172413793,927050.0,99868,6.760366499991505,2887.1142578125,3864.0,1503.5029296875,3864.0,7131.0,5374.0,1934.0
2026-10-02T18:12:34+08:00,287,0.1429,,0.9884200692176819,1.09375e-05,0.7917241379310345,929580.0,100144,6.7608030999981565,2969.6337890625,3968.0,1503.49853515625,3968.0,7027.0,3864.0,1934.0
2026-10-02T18:12:38+08:00,288,0.1407,,0.7254412174224854,1.0795454545454547e-05,0.7944827586206896,932574.0,100483,4.703667699999642,3442.86328125,4320.0,1503.51171875,4320.0,6675.0,3968.0,1934.0
2026-10-02T18:12:41+08:00,289,0.2507,,0.9576296210289001,1.0653409090909092e-05,0.7972413793103448,935730.0,100820,2.9401533999916865,3281.92529296875,6168.0,1503.5146484375,6168.0,4827.0,4320.0,1936.0
2026-10-02T18:12:44+08:00,290,0.0548,,0.5137599110603333,1.0511363636363637e-05,0.8,939083.0,101196,2.852309800000512,3237.37548828125,3664.0,1503.517578125,3664.0,7331.0,6168.0,1934.0
2026-10-02T18:12:47+08:00,291,0.0907,,1.1074883937835693,1.0369318181818184e-05,0.8027586206896552,942565.0,101532,2.9265059000026667,3530.25390625,5736.0,1503.5234375,5736.0,5259.0,3664.0,1934.0
2026-10-02T18:12:50+08:00,292,0.2092,,0.7274817824363708,1.0227272727272729e-05,0.8055172413793104,945750.0,101982,3.0167438000062248,3208.60302734375,4658.0,1503.51611328125,4658.0,6337.0,5736.0,1934.0
2026-10-02T18:12:53+08:00,293,0.1257,,0.6564809083938599,1.0085227272727272e-05,0.8082758620689655,949191.0,102332,2.9754392000031658,3470.78173828125,6864.0,1503.52197265625,6864.0,4131.0,4658.0,1934.0
2026-10-02T18:12:57+08:00,294,0.461,,0.8484314680099487,9.943181818181819e-06,0.8110344827586207,953964.0,103196,3.781935799997882,7150.603515625,9846.0,1503.552734375,9846.0,219.51953125,6864.0,1934.0
2026-10-02T18:13:00+08:00,295,0.1421,,0.8904926180839539,9.801136363636364e-06,0.8137931034482758,957027.0,103497,3.031542400000035,3339.6845703125,3970.0,1503.51171875,3970.0,7025.0,9846.0,1934.0
2026-10-02T18:13:05+08:00,296,0.1771,,1.0723624229431152,9.659090909090909e-06,0.8165517241379311,960354.0,103803,5.066290599992499,4395.09228515625,6192.0,1503.517578125,6192.0,4803.0,3970.0,1934.0
2026-10-02T18:13:12+08:00,297,0.0975,,0.6502218246459961,9.517045454545454e-06,0.8193103448275862,963563.0,104121,6.863038199997391,3255.4189453125,4344.0,1503.51611328125,4344.0,6651.0,6192.0,1934.0
2026-10-02T18:13:19+08:00,298,0.0945,,0.8245538473129272,9.375000000000001e-06,0.8220689655172414,966426.0,104394,6.777671100004227,3153.3642578125,5152.0,1503.50732421875,5152.0,5843.0,4344.0,1934.0
2026-10-02T18:13:26+08:00,299,0.1291,,0.7630504965782166,9.232954545454546e-06,0.8248275862068966,969583.0,104745,7.131391100003384,3487.837890625,7360.0,1503.51611328125,7360.0,3635.0,5152.0,1936.0
2026-10-02T18:13:32+08:00,300,0.1633,,0.8456371426582336,9.090909090909091e-06,0.8275862068965517,972229.0,105032,6.682834199993522,2795.8447265625,3230.0,1503.5029296875,3230.0,7765.0,7360.0,1934.0
2026-10-02T18:13:39+08:00,301,0.237,,0.9135075807571411,8.948863636363638e-06,0.8303448275862069,975374.0,105395,6.865684699994745,3228.279296875,6520.0,1503.5146484375,6520.0,4475.0,3230.0,1934.0
2026-10-02T18:13:46+08:00,302,0.1389,,0.7151051163673401,8.806818181818183e-06,0.833103448275862,978358.0,105751,6.69319400000677,3302.7373046875,5552.0,1503.51025390625,5552.0,5443.0,6520.0,1934.0
2026-10-02T18:13:53+08:00,303,0.092,,0.6603583097457886,8.664772727272728e-06,0.8358620689655173,981619.0,106176,7.026154299994232,4479.125,5928.0,1503.517578125,5928.0,5067.0,5552.0,1934.0
2026-10-02T18:14:00+08:00,304,0.1194,,0.8889510035514832,8.522727272727273e-06,0.8386206896551724,984258.0,106505,6.764233599998988,2991.25830078125,4864.0,1503.5029296875,4864.0,6131.0,5928.0,1934.0
2026-10-02T18:14:07+08:00,305,0.0936,,0.501573920249939,8.380681818181818e-06,0.8413793103448276,987617.0,106882,6.935151400000905,3155.859375,4636.0,1503.5205078125,4636.0,6359.0,4864.0,1934.0
2026-10-02T18:14:14+08:00,306,0.1624,,0.8117804527282715,8.238636363636363e-06,0.8441379310344828,990561.0,107258,6.87980750000861,3142.34375,3896.0,1503.51025390625,3896.0,7099.0,4636.0,1934.0
2026-10-02T18:14:20+08:00,307,0.1002,,0.8459710478782654,8.09659090909091e-06,0.8468965517241379,993338.0,107539,6.644146999999066,3122.02880859375,4370.0,1503.505859375,4370.0,6625.0,3896.0,1934.0
2026-10-02T18:14:27+08:00,308,0.1121,,0.7567631006240845,7.954545454545455e-06,0.8496551724137931,996569.0,107854,6.734397099993657,3264.78271484375,4546.0,1503.51611328125,4546.0,6449.0,4370.0,1934.0
2026-10-02T18:14:34+08:00,309,0.134,,0.7265909314155579,7.8125e-06,0.8524137931034482,999386.0,108165,6.67698499999824,3249.8876953125,4544.0,1503.50439453125,4544.0,6451.0,4546.0,1934.0
2026-10-02T18:14:41+08:00,310,0.2003,,0.9410021901130676,7.670454545454545e-06,0.8551724137931035,1002392.0,108532,6.917101400002139,3152.61083984375,4850.0,1503.51025390625,4850.0,6145.0,4544.0,1934.0
2026-10-02T18:14:47+08:00,311,0.1274,,0.6854844689369202,7.528409090909091e-06,0.8579310344827586,1005589.0,108929,6.477816300000995,3414.5947265625,5144.0,1503.5146484375,5144.0,5851.0,4850.0,1934.0
2026-10-02T18:14:54+08:00,312,0.1095,,0.6631107330322266,7.386363636363637e-06,0.8606896551724138,1008499.0,109293,7.058715599996503,3260.30078125,4906.0,1503.5087890625,4906.0,6089.0,5144.0,1934.0
2026-10-02T18:15:01+08:00,313,0.124,,0.747871458530426,7.244318181818183e-06,0.863448275862069,1011821.0,109685,6.834006200006115,3486.90966796875,7712.0,1503.517578125,7712.0,2082.0703125,4906.0,1934.0
2026-10-02T18:15:08+08:00,314,0.0729,,0.7868594527244568,7.102272727272728e-06,0.8662068965517241,1014557.0,109958,6.789130400007707,3208.59423828125,4048.0,1503.50732421875,4048.0,6947.0,7712.0,1934.0
2026-10-02T18:15:15+08:00,315,0.1108,,0.624204695224762,6.960227272727272e-06,0.8689655172413793,1018541.0,110412,6.890147499987506,4123.17041015625,7338.0,1503.53515625,7338.0,3657.0,4048.0,1934.0
2026-10-02T18:15:22+08:00,316,0.1466,,0.7450158596038818,6.818181818181818e-06,0.8717241379310345,1021497.0,110722,6.86157049999747,3706.02490234375,6136.0,1503.51025390625,6136.0,4859.0,7338.0,1934.0
2026-10-02T18:15:28+08:00,317,0.1672,,1.0283172130584717,6.676136363636363e-06,0.8744827586206897,1024775.0,110979,6.707665399997495,3286.6328125,6314.0,1503.51904296875,6314.0,4681.0,6136.0,1934.0
2026-10-02T18:15:36+08:00,318,0.0088,,0.20786674320697784,6.534090909090909e-06,0.8772413793103448,1028314.0,111314,7.140979199990397,3324.37158203125,5330.0,1503.52490234375,5330.0,5665.0,6314.0,1934.0
2026-10-02T18:15:42+08:00,319,0.259,,0.5084775686264038,6.392045454545454e-06,0.88,1032779.0,112310,6.943832200006,6190.32958984375,7824.0,1503.54541015625,7824.0,2021.69921875,5330.0,1936.0
2026-10-02T18:15:49+08:00,320,0.0832,,0.6462581157684326,6.25e-06,0.8827586206896552,1036566.0,112596,6.770829000000958,3383.3984375,4956.0,1503.529296875,4956.0,6039.0,7824.0,1934.0
2026-10-02T18:15:56+08:00,321,0.1483,,0.8599207401275635,6.107954545454546e-06,0.8855172413793103,1039265.0,112902,6.547705499993754,3024.443359375,3976.0,1503.5029296875,3976.0,7019.0,4956.0,1934.0
2026-10-02T18:16:03+08:00,322,0.1476,,0.7714458107948303,5.965909090909091e-06,0.8882758620689655,1042454.0,113177,6.716925700005959,3402.11181640625,7162.0,1503.51611328125,7162.0,3833.0,3976.0,1934.0
2026-10-02T18:16:09+08:00,323,0.0642,,0.5275612473487854,5.823863636363636e-06,0.8910344827586207,1046354.0,113623,6.644528099990566,5396.5185546875,6448.0,1503.5322265625,6448.0,4547.0,7162.0,1934.0
2026-10-02T18:16:16+08:00,324,0.1576,,0.8996880054473877,5.681818181818182e-06,0.8937931034482759,1049221.0,113894,7.050919600005727,3239.806640625,4414.0,1503.5087890625,4414.0,6581.0,6448.0,1934.0
2026-10-02T18:16:23+08:00,325,0.1309,,1.109488844871521,5.539772727272727e-06,0.896551724137931,1052049.0,114167,6.97625789999438,2959.23583984375,6312.0,1503.5087890625,6312.0,4683.0,4414.0,1934.0
2026-10-02T18:16:31+08:00,326,0.1343,,0.6410479545593262,5.397727272727273e-06,0.8993103448275862,1055825.0,114554,7.343037599988747,3524.759765625,6166.0,1503.52783203125,6166.0,4829.0,6312.0,1934.0
2026-10-02T18:16:38+08:00,327,0.2139,,1.5264257192611694,5.255681818181818e-06,0.9020689655172414,1059185.0,114784,7.052028299993253,3422.0556640625,6384.0,1503.5205078125,6384.0,4611.0,6166.0,1934.0
2026-10-02T18:16:45+08:00,328,0.0549,,0.6490077972412109,5.113636363636364e-06,0.9048275862068965,1062149.0,115088,6.856930900001316,3357.1865234375,5186.0,1503.51025390625,5186.0,5809.0,6384.0,1934.0
2026-10-02T18:16:53+08:00,329,0.2048,,1.1910094022750854,4.9715909090909094e-06,0.9075862068965517,1065444.0,115356,6.78163010001299,3383.38818359375,4232.0,1503.51904296875,4232.0,6763.0,5186.0,1934.0
2026-10-02T18:16:59+08:00,330,0.2086,,0.843332052230835,4.8295454545454545e-06,0.9103448275862069,1068424.0,115751,6.652228599996306,3125.1083984375,5880.0,1503.51171875,5880.0,5115.0,4232.0,1934.0
2026-10-02T18:17:06+08:00,331,0.1539,,0.8517726063728333,4.6875000000000004e-06,0.9131034482758621,1071849.0,116086,6.998840200001723,3283.51513671875,7680.0,1503.52197265625,7680.0,3315.0,5880.0,1934.0
2026-10-02T18:17:13+08:00,332,0.1076,,1.110978126525879,4.5454545454545455e-06,0.9158620689655173,1074655.0,116376,6.941614999988815,3173.82275390625,4232.0,1503.50732421875,4232.0,6763.0,7680.0,1934.0
2026-10-02T18:17:20+08:00,333,0.1101,,0.7682297825813293,4.4034090909090914e-06,0.9186206896551724,1077967.0,116808,6.691940399992745,3681.0498046875,5744.0,1503.517578125,5744.0,5251.0,4232.0,1934.0
2026-10-02T18:17:27+08:00,334,0.1049,,0.6883942484855652,4.2613636363636365e-06,0.9213793103448276,1081521.0,117283,6.789507399997092,3876.60888671875,5508.0,1503.5263671875,5508.0,5487.0,5744.0,1934.0
2026-10-02T18:17:34+08:00,335,0.1257,,0.6970254182815552,4.119318181818182e-06,0.9241379310344827,1085070.0,117589,6.939146899996558,3432.46630859375,4090.0,1503.5234375,4090.0,6905.0,5508.0,1934.0
2026-10-02T18:17:41+08:00,336,0.1331,,0.8681889176368713,3.9772727272727275e-06,0.926896551724138,1088119.0,117921,6.979693500004942,3140.23046875,3574.0,1503.51318359375,3574.0,7421.0,4090.0,1934.0
2026-10-02T18:17:47+08:00,337,0.0635,,0.5922523736953735,3.835227272727273e-06,0.9296551724137931,1091279.0,118291,6.645495799995842,3109.533203125,4768.0,1503.5146484375,4768.0,6227.0,3574.0,1934.0
2026-10-02T18:17:54+08:00,338,0.0551,,0.505340039730072,3.6931818181818186e-06,0.9324137931034483,1094076.0,118578,6.907384200007073,3049.4150390625,4856.0,1503.505859375,4856.0,6139.0,4768.0,1934.0
2026-10-02T18:18:01+08:00,339,0.1194,,0.8177300095558167,3.551136363636364e-06,0.9351724137931035,1096706.0,118875,6.466570999997202,3080.623046875,4184.0,1503.5029296875,4184.0,6811.0,4856.0,1934.0
2026-10-02T18:18:08+08:00,340,0.2703,,1.0981701612472534,3.409090909090909e-06,0.9379310344827586,1100218.0,119240,7.064456699998118,3518.9443359375,5042.0,1503.52490234375,5042.0,5953.0,4184.0,1934.0
2026-10-02T18:18:15+08:00,341,0.0538,,0.5643566846847534,3.2670454545454546e-06,0.9406896551724138,1103652.0,119569,6.82427130000724,3621.623046875,5854.0,1503.52197265625,5854.0,5141.0,5042.0,1934.0
2026-10-02T18:18:22+08:00,342,0.1297,,0.7559961676597595,3.125e-06,0.9434482758620689,1106201.0,119866,6.998585599998478,2834.60546875,5026.0,1503.50146484375,5026.0,5969.0,5854.0,1934.0
2026-10-02T18:18:28+08:00,343,0.1405,,0.8218871355056763,2.9829545454545457e-06,0.9462068965517242,1109583.0,120218,6.662912400002824,3520.71630859375,5672.0,1503.51904296875,5672.0,5323.0,5026.0,1934.0
2026-10-02T18:18:35+08:00,344,0.054,,0.5217326879501343,2.840909090909091e-06,0.9489655172413793,1112315.0,120547,7.0292412000126205,3255.4072265625,4712.0,1503.50439453125,4712.0,6283.0,5672.0,1934.0
2026-10-02T18:18:42+08:00,345,0.1215,,0.7544368505477905,2.6988636363636367e-06,0.9517241379310345,1115347.0,120810,6.7882027000014205,3076.94189453125,4422.0,1503.51318359375,4422.0,6573.0,4712.0,1934.0
2026-10-02T18:18:49+08:00,346,0.0802,,0.6396482586860657,2.556818181818182e-06,0.9544827586206897,1118903.0,121104,6.963319599992246,3296.0009765625,5370.0,1503.5234375,5370.0,5625.0,4422.0,1934.0
2026-10-02T18:18:56+08:00,347,0.0788,,0.6557109355926514,2.4147727272727273e-06,0.9572413793103448,1122380.0,121470,6.708934099995531,3358.419921875,5216.0,1503.5205078125,5216.0,5779.0,5370.0,1934.0
2026-10-02T18:19:03+08:00,348,0.1742,,0.8888813853263855,2.2727272727272728e-06,0.96,1124933.0,121808,6.805626900008065,2759.1455078125,4408.0,1503.5,4408.0,6587.0,5216.0,1934.0
2026-10-02T18:19:09+08:00,349,0.1647,,0.9050028324127197,2.1306818181818183e-06,0.9627586206896551,1128086.0,122232,6.578143899998395,3756.76953125,6854.0,1503.5146484375,6854.0,4141.0,4408.0,1934.0
2026-10-02T18:19:16+08:00,350,0.098,,0.6665297746658325,1.9886363636363638e-06,0.9655172413793104,1131694.0,122604,7.113434099999722,3756.78125,6182.0,1503.5263671875,6182.0,4813.0,6854.0,1934.0
2026-10-02T18:19:23+08:00,351,0.0824,,0.765318751335144,1.8465909090909093e-06,0.9682758620689655,1134434.0,122868,6.918981200011331,2952.66064453125,4544.0,1503.505859375,4544.0,6451.0,6182.0,1934.0
2026-10-02T18:19:30+08:00,352,0.0501,,0.5458336472511292,1.7045454545454546e-06,0.9710344827586207,1137711.0,123210,6.624286500009475,3238.69140625,4564.0,1503.51904296875,4564.0,6431.0,4544.0,1934.0
2026-10-02T18:19:37+08:00,353,0.1566,,0.9437585473060608,1.5625e-06,0.9737931034482759,1140701.0,123527,6.781389700001455,3155.8505859375,4992.0,1503.51171875,4992.0,6003.0,4564.0,1934.0
2026-10-02T18:19:44+08:00,354,0.047,,0.6096100807189941,1.4204545454545456e-06,0.976551724137931,1143882.0,123856,6.818862300002365,3670.4853515625,6630.0,1503.517578125,6630.0,4365.0,4992.0,1934.0
2026-10-02T18:19:51+08:00,355,0.0934,,0.7569212913513184,1.278409090909091e-06,0.9793103448275862,1146824.0,124227,6.980926399992313,3885.9072265625,4946.0,1503.5087890625,4946.0,6049.0,6630.0,1934.0
2026-10-02T18:19:58+08:00,356,0.1796,,1.00734543800354,1.1363636363636364e-06,0.9820689655172414,1150476.0,124593,7.027259199996479,4242.35546875,6722.0,1503.52490234375,6722.0,4273.0,4946.0,1934.0
2026-10-02T18:20:04+08:00,357,0.0726,,0.6833572387695312,9.943181818181819e-07,0.9848275862068966,1153312.0,124913,6.514619599998696,3005.72265625,4160.0,1503.5087890625,4160.0,6835.0,6722.0,1934.0
2026-10-02T18:20:11+08:00,358,0.1592,,0.9065051078796387,8.522727272727273e-07,0.9875862068965517,1156693.0,125207,6.501365100004477,3152.61962890625,5416.0,1503.51904296875,5416.0,5579.0,4160.0,1934.0
2026-10-02T18:20:18+08:00,359,0.251,,1.0451263189315796,7.102272727272728e-07,0.9903448275862069,1159900.0,125571,6.9283193000010215,3099.958984375,6160.0,1503.5146484375,6160.0,4835.0,5416.0,1934.0
2026-10-02T18:20:24+08:00,360,0.0882,,0.7393563389778137,5.681818181818182e-07,0.993103448275862,1163599.0,125908,6.784217499996885,4052.2080078125,7550.0,1503.5263671875,7550.0,3445.0,6160.0,1934.0
2026-10-02T18:20:31+08:00,361,0.1574,,0.932468593120575,4.2613636363636364e-07,0.9958620689655172,1166836.0,126219,6.935295499992208,3226.7041015625,3654.0,1503.51611328125,3654.0,7341.0,7550.0,1934.0
2026-10-02T18:20:38+08:00,362,0.089,,0.8562145233154297,2.840909090909091e-07,0.9986206896551724,1170012.0,126542,6.71798800000397,3335.572265625,4880.0,1503.5146484375,4880.0,6115.0,3654.0,1934.0
2026-10-02T18:20:42+08:00,363,0.0213,,0.5544314384460449,1.4204545454545455e-07,1.0,1171709.0,126688,3.486730399992666,3228.244140625,4688.0,1503.4794921875,4688.0,6307.0,4880.0,1934.0
2026-10-02T18:21:42+08:00,363,,0.18881645803163566,,,1.0,,126688,,5186.37890625,6356.0,1503.4794921875,1934.0,9061.0,,
2026-10-02T18:21:46+08:00,363,,,,,1.0,,126688,,5186.37890625,6356.0,1503.4794921875,1988.0,9007.0,,
