sample_id,rank8_passed,rank16_passed
glaive-1002,True,True
glaive-100388,True,True
glaive-100567,True,True
glaive-100672,True,True
glaive-100797,True,True
glaive-101175,False,False
glaive-101410,True,True
glaive-101637,True,True
glaive-102018,False,False
glaive-102284,True,True
glaive-102631,True,True
glaive-102637,True,True
glaive-102932,True,True
glaive-103025,True,True
glaive-104211,True,True
glaive-104250,True,True
glaive-104260,True,True
glaive-104361,True,True
glaive-104500,True,True
glaive-104852,True,False
glaive-106119,True,True
glaive-106245,True,True
glaive-106410,True,True
glaive-106547,False,False
glaive-106738,True,True
glaive-107342,True,True
glaive-107374,True,True
glaive-108153,True,True
glaive-108272,True,True
glaive-108336,True,True
glaive-108338,True,True
glaive-108758,False,False
glaive-109185,True,True
glaive-109499,True,True
glaive-109525,True,True
glaive-109629,True,True
glaive-109805,True,True
glaive-110280,False,False
glaive-110304,False,False
glaive-110760,False,False
glaive-110812,False,False
glaive-110945,True,True
glaive-111744,True,True
glaive-111853,False,False
glaive-11187,True,True
glaive-112267,True,True
glaive-112832,False,False
glaive-11336,True,True
glaive-11576,False,False
glaive-11605,False,False
glaive-11848,True,True
glaive-11969,True,True
glaive-12113,True,True
glaive-12206,False,False
glaive-12314,False,False
glaive-12482,True,True
glaive-12535,True,True
glaive-12683,True,True
glaive-12738,True,True
glaive-12883,True,True
glaive-12944,True,True
glaive-13031,False,True
glaive-14083,False,False
glaive-14592,True,True
glaive-14634,True,True
glaive-14691,False,True
glaive-15016,False,False
glaive-15126,True,True
glaive-1572,True,True
glaive-16126,True,True
glaive-16575,True,True
glaive-16841,False,False
glaive-16904,True,True
glaive-17031,True,True
glaive-17113,False,False
glaive-17506,True,True
glaive-17586,True,True
glaive-17977,True,True
glaive-18694,True,True
glaive-1952,True,True
glaive-19711,True,True
glaive-19894,False,True
glaive-20049,True,True
glaive-2008,True,True
glaive-20105,True,True
glaive-2037,True,True
glaive-20977,False,False
glaive-2115,True,True
glaive-2129,True,True
glaive-21388,True,True
glaive-21547,True,True
glaive-21773,True,True
glaive-22439,True,True
glaive-22497,True,True
glaive-23151,False,False
glaive-23418,True,True
glaive-23425,True,True
glaive-23468,True,True
glaive-23534,True,True
glaive-24732,True,True
glaive-24911,True,True
glaive-25333,True,True
glaive-26414,False,False
glaive-26472,True,True
glaive-27311,True,True
glaive-27371,True,True
glaive-2742,True,True
glaive-28131,True,True
glaive-28394,True,True
glaive-28697,False,False
glaive-29192,True,True
glaive-29785,True,True
glaive-29993,True,True
glaive-30068,True,True
glaive-30360,True,True
glaive-30450,True,True
glaive-30539,True,True
glaive-30751,True,True
glaive-31556,True,True
glaive-31752,True,True
glaive-31764,True,True
glaive-31841,True,True
glaive-31968,True,True
glaive-32061,True,True
glaive-32273,True,True
glaive-32559,True,True
glaive-3294,True,True
glaive-33182,True,True
glaive-33235,False,False
glaive-33373,False,False
glaive-33520,False,False
glaive-34002,True,True
glaive-34256,True,True
glaive-34270,True,True
glaive-34700,True,True
glaive-34745,True,True
glaive-34937,True,True
glaive-34960,True,True
glaive-35094,True,True
glaive-35348,True,True
glaive-36065,False,False
glaive-36141,True,True
glaive-36283,True,True
glaive-3674,True,True
glaive-36852,True,True
glaive-36928,True,True
glaive-37368,True,True
glaive-37473,True,True
glaive-38195,True,True
glaive-38292,True,True
glaive-39288,True,True
glaive-3939,False,False
glaive-39412,False,False
glaive-3970,True,True
glaive-39767,True,True
glaive-40262,True,True
glaive-40414,True,True
glaive-40953,True,True
glaive-41120,True,True
glaive-41906,True,True
glaive-42310,True,True
glaive-42475,True,True
glaive-42493,True,True
glaive-42795,True,True
glaive-43239,True,True
glaive-43965,False,False
glaive-44390,True,True
glaive-4446,True,True
glaive-44736,True,True
glaive-45251,True,True
glaive-45333,True,True
glaive-45549,False,False
glaive-45615,True,True
glaive-45740,True,True
glaive-45898,True,True
glaive-46157,True,True
glaive-46790,True,True
glaive-46801,True,True
glaive-47184,True,True
glaive-47254,True,True
glaive-47832,True,True
glaive-47847,True,True
glaive-47951,True,True
glaive-48084,True,True
glaive-4831,True,True
glaive-48332,True,True
glaive-48453,True,True
glaive-48864,True,True
glaive-49127,True,True
glaive-4932,True,True
glaive-49528,True,True
glaive-49599,True,True
glaive-49886,True,True
glaive-50094,True,True
glaive-50283,True,True
glaive-5047,True,True
glaive-50888,True,True
glaive-50994,True,True
glaive-51082,True,True
glaive-51301,True,True
glaive-51478,True,True
glaive-51665,False,False
glaive-51908,True,True
glaive-51945,True,True
glaive-51958,True,True
glaive-52184,True,True
glaive-5219,False,True
glaive-52642,True,True
glaive-52772,False,False
glaive-53322,True,True
glaive-537,True,True
glaive-5428,True,True
glaive-54793,True,True
glaive-552,True,True
glaive-55234,True,True
glaive-55493,True,True
glaive-55594,False,False
glaive-55642,True,True
glaive-55737,True,True
glaive-55846,True,True
glaive-55881,True,True
glaive-55906,True,True
glaive-56101,True,True
glaive-5649,True,True
glaive-56519,True,True
glaive-56627,True,True
glaive-56955,True,True
glaive-57152,True,True
glaive-57417,True,True
glaive-57462,True,True
glaive-57520,True,True
glaive-58105,True,True
glaive-58609,True,True
glaive-59075,True,True
glaive-5917,True,True
glaive-5921,True,True
glaive-59372,False,False
glaive-59615,True,True
glaive-60262,False,False
glaive-6050,True,True
glaive-60626,False,False
glaive-60822,True,True
glaive-60850,True,True
glaive-60903,False,False
glaive-60952,True,True
glaive-61288,True,True
glaive-61305,True,True
glaive-61885,True,True
glaive-62495,False,False
glaive-62654,True,True
glaive-62724,True,True
glaive-63001,True,True
glaive-63317,True,True
glaive-63983,True,True
glaive-64165,True,True
glaive-64173,True,True
glaive-64424,True,True
glaive-64715,True,True
glaive-65010,True,True
glaive-65350,True,True
glaive-65379,True,True
glaive-65428,True,True
glaive-65459,True,True
glaive-65723,True,True
glaive-66291,True,True
glaive-66340,True,True
glaive-66875,True,True
glaive-66974,True,True
glaive-67146,False,False
glaive-67561,True,True
glaive-67652,True,True
glaive-6794,True,True
glaive-68085,True,True
glaive-68279,True,True
glaive-68573,True,True
glaive-68787,True,True
glaive-68946,False,False
glaive-69067,True,True
glaive-69169,True,True
glaive-69208,True,True
glaive-69496,True,True
glaive-70003,True,True
glaive-70032,True,True
glaive-70038,True,True
glaive-70304,False,False
glaive-70891,False,False
glaive-70975,True,True
glaive-71069,True,True
glaive-71236,True,True
glaive-71277,True,True
glaive-71321,True,True
glaive-7133,False,False
glaive-71343,False,False
glaive-71688,True,True
glaive-71883,False,False
glaive-71915,False,False
glaive-72202,True,True
glaive-72204,False,False
glaive-72455,True,True
glaive-72573,True,True
glaive-72968,True,True
glaive-73091,False,False
glaive-73471,True,True
glaive-7372,True,True
glaive-74326,True,True
glaive-74334,False,False
glaive-74737,True,True
glaive-75294,True,True
glaive-75449,True,True
glaive-75464,True,True
glaive-75590,True,True
glaive-75945,True,True
glaive-7642,True,True
glaive-76624,True,True
glaive-76770,True,True
glaive-76964,True,True
glaive-77622,False,False
glaive-77727,True,True
glaive-77809,True,True
glaive-77831,True,True
glaive-77840,True,True
glaive-77863,True,True
glaive-77865,True,True
glaive-77907,True,True
glaive-78084,True,True
glaive-7861,True,True
glaive-78750,True,True
glaive-78845,False,False
glaive-78996,False,False
glaive-7919,True,False
glaive-7990,True,True
glaive-79975,True,True
glaive-80028,True,True
glaive-80347,True,True
glaive-8036,True,True
glaive-80689,False,False
glaive-81211,True,True
glaive-82216,True,True
glaive-82671,True,True
glaive-82784,True,True
glaive-82938,True,True
glaive-83222,True,True
glaive-83575,True,True
glaive-83630,True,True
glaive-84463,True,True
glaive-85127,True,True
glaive-85564,True,True
glaive-85612,True,True
glaive-85645,True,True
glaive-85667,True,True
glaive-85693,True,True
glaive-85758,True,True
glaive-85828,True,True
glaive-86075,True,True
glaive-86339,True,True
glaive-86991,True,True
glaive-87061,False,False
glaive-87793,True,True
glaive-87977,True,True
glaive-88109,True,True
glaive-88208,True,True
glaive-88309,False,False
glaive-8834,True,True
glaive-88734,True,True
glaive-88766,False,False
glaive-88905,True,True
glaive-89101,True,True
glaive-89450,True,True
glaive-89481,True,True
glaive-90114,True,True
glaive-90678,True,True
glaive-91320,True,True
glaive-91331,True,True
glaive-91564,True,True
glaive-91583,True,True
glaive-91613,True,True
glaive-92799,True,True
glaive-93163,True,True
glaive-93224,True,True
glaive-93332,True,True
glaive-9366,False,False
glaive-93776,True,True
glaive-93991,False,False
glaive-94481,True,False
glaive-94911,True,True
glaive-95065,True,True
glaive-95177,False,False
glaive-95357,False,False
glaive-95757,True,True
glaive-95850,False,False
glaive-96002,True,True
glaive-96521,False,False
glaive-96536,True,True
glaive-96648,True,True
glaive-97029,False,False
glaive-97515,True,True
glaive-9774,True,True
glaive-97826,True,True
glaive-97874,True,True
glaive-97966,True,True
glaive-98319,False,False
glaive-98335,False,False
glaive-98485,True,True
glaive-98515,True,True
glaive-98588,True,True
glaive-99043,True,True
glaive-99131,True,True
glaive-99158,False,False
glaive-99440,True,True
glaive-99771,True,True
hermes-01b27149-b4f7-4fe4-9d45-1b24913b9c30,True,True
hermes-065739d0-7a62-4b83-a943-2f847bdccbf7,True,True
hermes-07005ae1-30a1-4ff2-a77b-3eb3f1b8708f,True,True
hermes-09eb80c1-b53d-4639-aa8c-4a5bb1fc63cf,True,True
hermes-0ad04c47-e19c-425b-84db-62535d2a120d,True,True
hermes-0e3b8de7-55f4-4c55-930b-6ade5872e2ca,True,True
hermes-10042b71-42b2-46a5-a3f8-7525582bd61e,True,False
hermes-11ffc85f-bd49-4cc1-8b3c-648ace4e9edc,False,False
hermes-1977a77b-2701-4a22-b4b7-2a4620f09fcb,True,True
hermes-259b2f26-56bd-4cbb-9d28-f358718690ed,True,True
hermes-27916e4c-a434-41c3-a0e9-02615636ce76,True,True
hermes-28270a6f-503b-4af0-9520-1aa889a1208c,True,True
hermes-2bc4d8d7-582a-4225-a6be-09de84031e12,True,True
hermes-2cf6464a-4a93-468b-906c-52abeeac209e,True,True
hermes-2eeeb403-c031-4fbb-bd97-4f4276e57a9d,True,True
hermes-30ead946-fe3a-4355-b432-b8f2df6c42fe,True,True
hermes-31148201-f006-491d-9cde-13b156066308,False,False
hermes-319cc35a-9521-47bd-850a-492712054eb8,True,True
hermes-32fd512a-7a3e-4d7a-a2aa-e0593d904dbe,False,False
hermes-375a9b02-8daa-4726-ab8a-072515a7ff7d,True,True
hermes-3a376f27-0042-45bd-9f02-3626bfd11ed9,False,False
hermes-3ed1e2fd-0f7d-456f-95d4-39d50f05353a,True,True
hermes-40c4aa51-86cc-456b-974e-81eb2764afa8,True,True
hermes-434bf38b-1a8f-42d7-bc40-718745a28dd6,True,True
hermes-47534e1a-8f0f-4217-829e-9514e8ec7bbf,True,True
hermes-4c2b1ffc-0625-4f86-89a0-1e697e574869,True,False
hermes-5167cd0d-059b-4398-897f-f960c5daf961,True,True
hermes-516c4512-b550-4545-8665-d2d1b813e837,False,False
hermes-53b9ba7b-05c6-499b-9329-fb8cf7ea1cd8,True,True
hermes-5594ef53-c37d-4127-b865-80aa3f0c082d,True,True
hermes-58208b34-b34f-4f79-8454-4c83150660f8,False,False
hermes-6113e910-a097-436f-bede-4cc48fcc402f,True,True
hermes-63800fce-57c1-45ee-9cfd-fc95c4252794,True,True
hermes-670c9415-de97-4419-8835-d241f8ad9583,True,True
hermes-69ed131d-4c3a-4855-ba1e-4b9c43d701b0,True,True
hermes-6ccf945b-db78-4cb0-a189-13eb8edac8da,True,True
hermes-6fdcf83b-bb5b-458c-b3a1-2cd3a750e1c2,True,True
hermes-71b5d80f-a87b-4186-9320-efbabfedb593,True,True
hermes-72067c0d-80b8-48cd-973f-fb4cbdb5d2c0,False,False
hermes-722dbe0f-f5bb-4a58-b378-6a49c8bac4b3,True,True
hermes-7876ebcc-7eb7-4ed8-a016-5b9787c6fb10,True,True
hermes-79f4ffbe-428c-4e46-9d17-8fe653bd7943,True,True
hermes-7a2cf4fb-f382-4cc0-8940-3e39dff517cc,True,True
hermes-7bae9f38-326f-4b5e-af98-b538a95d6b47,True,True
hermes-7c4b8999-eb84-43fd-b2a7-f1d8a49338bd,True,True
hermes-7e240f3d-e869-4c94-8b1c-a8269fa36a4a,False,True
hermes-7e2e9872-13f8-4741-b145-7a3d861fcc16,True,True
hermes-80b8b926-e56f-453b-8bfd-2f2840bd7470,True,True
hermes-8520e8bd-8870-497c-96c5-8caf40af9fa2,False,False
hermes-8680b4d8-5659-4d42-8073-250d53bbb659,True,True
hermes-932f7732-a048-4c5a-9136-2742b44eefdd,True,True
hermes-96afa3e5-1d4b-45d0-8075-84fed4621dc1,True,True
hermes-9bb3faf8-a8db-43db-bd62-106a38aebc05,False,False
hermes-9ea5bebb-56e0-4245-80f0-af00c09fec09,True,True
hermes-a082779b-5976-4de9-a33f-c423a961006a,True,True
hermes-a2559ca4-fa68-49e4-9bae-51241ff078eb,False,False
hermes-a3f0c583-f84e-4bf3-91cd-0331963e5e1a,True,True
hermes-a4b35d61-fdf4-4293-9c72-ba1ad29d463e,True,True
hermes-a8535ccd-3d3d-4f8c-8a5c-2614ff3176ab,True,True
hermes-a8db2e8a-b7eb-4996-b77e-8b6f2679c91b,False,False
hermes-ac2bbecc-52ba-4bf8-aa80-127ced080c37,True,True
hermes-ad31277e-40e0-47b1-9315-a7ec1f63f9bc,True,True
hermes-b2b0e00f-c3b5-42a0-b839-29b790e0956f,False,False
hermes-bac9ff00-640e-4e2f-a29f-516c594cd74b,True,True
hermes-bb1d5ef1-2787-4e2b-a08b-49b6e7469de6,True,True
hermes-bd580776-f48e-45b8-8acb-05a47d6ea454,False,False
hermes-c009ccfc-372c-4b2e-86ab-c409d8e028e7,True,True
hermes-c00e54c0-5f5c-497d-965e-6469d9a1b142,True,True
hermes-c5bf72b5-366a-4d95-b448-a49d2a641af5,True,True
hermes-c652392a-1af7-4723-b8dc-7d1b3808ed23,False,False
hermes-c82abc25-206c-4776-a1b1-d6fbc5769bce,True,True
hermes-ca9b0991-c67c-48a0-ae80-a9188358545e,True,True
hermes-cde20266-1549-435e-bb80-fd52e6a19dec,False,False
hermes-ce4339a1-73c1-4740-bc44-0682de0ec1cf,True,True
hermes-d807495c-04e0-4379-9604-c9975f92653c,True,True
hermes-d85c0f3d-f805-450f-bcc9-77ab4dd595a1,True,True
hermes-d9ce9a36-cc54-4400-aa1b-a68557a9c553,False,False
hermes-db3bfa29-7c02-4eeb-a3a4-d101b4b58b00,False,False
hermes-dff0f5f2-e410-40cf-9b41-271ef7b1e1f2,True,True
hermes-e13203f8-02ba-4d15-ad9f-04f335f6d232,False,False
hermes-e50da6d3-921f-470c-a98c-0f717000d293,False,False
hermes-e6d87343-f143-4fee-85ba-46aa91bf32b7,True,True
hermes-efc48dd7-432d-4881-acb0-bd24db4c2d5d,False,False
hermes-f5d77591-58cf-40e1-8fda-35f8dd3f82e6,True,True
hermes-f6e8d509-7fa7-4afd-b1ae-4b53a1ca6a59,True,True
hermes-f71f6ed0-36d4-4300-a93b-b964871ccc1a,False,False
hermes-f800a3cb-06c7-4bd9-a099-7fe758c241ee,False,False
hermes-fa8ee5c6-9df2-4857-8efb-0b0205acaeae,False,False
hermes-fb081532-ba67-413d-a0ce-b4a1ad4caa1d,True,True
hermes-fd2d4dfa-c71b-4a24-b42f-14e1aeacb534,True,True
