sample_id,category,split,tokens,first_user,calls,format,schema,semantic_review,review_note
hermes-e13203f8-02ba-4d15-ad9f-04f335f6d232,multi_turn,dev,597,Can you get me the latest news articles from the United States?,"[[{""function"":{""arguments"":{""country"":""United States""},""name"":""get_news_articles""},""id"":""call_2_0"",""type"":""function""}],[{""function"":{""arguments"":{""category"":""sports"",""country"":""United Kingdom""},""name"":""get_news_articles""},""id"":""call_6_0"",""type"":""function""}]]",True,True,checked_no_obvious_mismatch,按完整用户上下文核对工具名、参数来源与返回衔接；未真实执行公开工具
hermes-6c8d8cad-4d85-43d7-b9e7-7efa170a341b,single_call,train,617,I am in New York and I am craving for some Italian food. Can you suggest some restaurants?,"[[{""function"":{""arguments"":{""cuisine"":""Italian"",""location"":""New York""},""name"":""search_restaurants""},""id"":""call_2_0"",""type"":""function""}]]",True,True,checked_no_obvious_mismatch,按完整用户上下文核对工具名、参数来源与返回衔接；未真实执行公开工具
glaive-65742,multi_turn,train,512,"Hi, I need to know the distance between New York and Los Angeles.","[[{""function"":{""arguments"":{""end_location"":""Los Angeles"",""start_location"":""New York""},""name"":""calculate_distance""},""id"":""call_2_0"",""type"":""function""}],[{""function"":{""arguments"":{""end_location"":""Paris"",""start_location"":""London""},""name"":""calculate_distance""},""id"":""call_6_0"",""type"":""function""}]]",True,True,checked_no_obvious_mismatch,按完整用户上下文核对工具名、参数来源与返回衔接；未真实执行公开工具
glaive-92797,multi_turn,train,411,I am feeling a bit down. Can you play some uplifting music for me?,"[[{""function"":{""arguments"":{""sound_file"":""https://musicwebsite.com/uplifting_music.mp3""},""name"":""play_sound""},""id"":""call_2_0"",""type"":""function""}],[{""function"":{""arguments"":{""sound_file"":""https://musicwebsite.com/nature_sounds.mp3""},""name"":""play_sound""},""id"":""call_6_0"",""type"":""function""}]]",True,True,annotation_issue,未提供音乐 URL，标注凭空填写了两个地址
glaive-83829,multi_turn,train,459,"Hi, I need to know the 10th number in the Fibonacci sequence.","[[{""function"":{""arguments"":{""n"":10},""name"":""calculate_fibonacci""},""id"":""call_2_0"",""type"":""function""}],[{""function"":{""arguments"":{""n"":20},""name"":""calculate_fibonacci""},""id"":""call_6_0"",""type"":""function""}]]",True,True,checked_no_obvious_mismatch,按完整用户上下文核对工具名、参数来源与返回衔接；未真实执行公开工具
glaive-9147,multi_turn,train,459,"Hi, I need details about a product. The product ID is P12345.","[[{""function"":{""arguments"":{""product_id"":""P12345""},""name"":""get_product_details""},""id"":""call_2_0"",""type"":""function""}],[{""function"":{""arguments"":{""product_id"":""P67890""},""name"":""get_product_details""},""id"":""call_6_0"",""type"":""function""}]]",True,True,checked_no_obvious_mismatch,按完整用户上下文核对工具名、参数来源与返回衔接；未真实执行公开工具
hermes-dc712477-d8a0-405b-a658-b17bac87abc8,parallel,train,1814,"I would like to develop a feature for our financial application that allows our clients to manage cryptocurrencies. Specifically, I want to create a cryptocurrency wallet called 'UserCryptoWallet' for a user with an ID 'U1001', which should support transactions in Bitcoin (BTC) and Ethereum (ETH). Furthermore, I need to initiate a transaction to send 0.5 BTC to an external address '1A8JiWcwvpY7tAopUkSnGuEYHmzGYfZPiq'. I also want to record a received payment from '3J98t1WpEZ73CNmQviecrnyiWrnqRhWNLy' with the transaction ID 'tx78910'. Afterwards, please retrieve the current balance of the wallet to confirm the updates. Can you assist with the function calls?

Here are the specific details to use for each function:
1. Create a new cryptocurrency wallet:
   - User ID: 'U1001'
   - Wallet Name: 'UserCryptoWallet'
   - Supported Cryptocurrencies: ['BTC', 'ETH']

2. Initiate a cryptocurrency payment:
   - From Wallet ID: 'wallet123'
   - To Address: '1A8JiWcwvpY7tAopUkSnGuEYHmzGYfZPiq'
   - Amount: '0.5'
   - Currency: 'BTC'

3. Record the receipt of a cryptocurrency payment:
   - Wallet ID: 'wallet123'
   - From Address: '3J98t1WpEZ73CNmQviecrnyiWrnqRhWNLy'
   - Transaction ID: 'tx78910'

4. Retrieve the wallet balance:
   - Wallet ID: 'wallet123'

Please proceed with these function calls and return the results.","[[{""function"":{""arguments"":{""supported_cryptocurrencies"":[""BTC"",""ETH""],""user_id"":""U1001"",""wallet_name"":""UserCryptoWallet""},""name"":""create_wallet""},""id"":""call_2_0"",""type"":""function""},{""function"":{""arguments"":{""amount"":""0.5"",""currency"":""BTC"",""from_wallet_id"":""wallet123"",""to_address"":""1A8JiWcwvpY7tAopUkSnGuEYHmzGYfZPiq""},""name"":""initiate_crypto_payment""},""id"":""call_2_1"",""type"":""function""},{""function"":{""arguments"":{""from_address"":""3J98t1WpEZ73CNmQviecrnyiWrnqRhWNLy"",""transaction_id"":""tx78910"",""wallet_id"":""wallet123""},""name"":""receive_crypto_payment""},""id"":""call_2_2"",""type"":""function""},{""function"":{""arguments"":{""wallet_id"":""wallet123""},""name"":""get_wallet_balance""},""id"":""call_2_3"",""type"":""function""}]]",True,True,checked_no_obvious_mismatch,按完整用户上下文核对工具名、参数来源与返回衔接；未真实执行公开工具
glaive-5059,single_call,train,421,"Hi, I am looking for a specific product. Can you help me find it?","[[{""function"":{""arguments"":{""query"":""black leather jacket""},""name"":""search_product""},""id"":""call_4_0"",""type"":""function""}]]",True,True,checked_no_obvious_mismatch,按完整用户上下文核对工具名、参数来源与返回衔接；未真实执行公开工具
glaive-50753,single_call,train,431,I need to send an email to my boss. Can you help me with that?,"[[{""function"":{""arguments"":{""content"":""Dear Boss, Please find attached the monthly report for your review. Best, [User]"",""recipient"":""boss@example.com"",""subject"":""Monthly Report""},""name"":""send_email""},""id"":""call_4_0"",""type"":""function""}]]",True,True,checked_no_obvious_mismatch,按完整用户上下文核对工具名、参数来源与返回衔接；未真实执行公开工具
hermes-4923eecc-8596-4a8f-9e7b-9264e8c63818,multi_turn,train,504,"Hi, can you tell me the current stock price of Apple?","[[{""function"":{""arguments"":{""symbol"":""AAPL""},""name"":""get_stock_price""},""id"":""call_2_0"",""type"":""function""}],[{""function"":{""arguments"":{""symbol"":""MSFT""},""name"":""get_stock_price""},""id"":""call_6_0"",""type"":""function""}]]",True,True,checked_no_obvious_mismatch,按完整用户上下文核对工具名、参数来源与返回衔接；未真实执行公开工具
hermes-47ad1124-005d-4c2c-8981-d39aad0e95f3,multi_turn,train,489,What's the current time in New York?,"[[{""function"":{""arguments"":{""timezone"":""New York""},""name"":""get_current_time""},""id"":""call_2_0"",""type"":""function""}],[{""function"":{""arguments"":{""timezone"":""Tokyo""},""name"":""get_current_time""},""id"":""call_6_0"",""type"":""function""}]]",True,True,checked_no_obvious_mismatch,按完整用户上下文核对工具名、参数来源与返回衔接；未真实执行公开工具
hermes-d018e2c8-0a01-4124-9c01-f5d9197873fb,parallel,train,661,"I am developing an augmented reality app for a retail environment that can recognize and translate product labels for a more enhanced customer experience. Specifically, the app should identify products on store shelves and provide detailed information including price, reviews, and similar product recommendations. Additionally, it should have the capability to translate the text on product labels into Spanish for non-native speakers shopping in the store.

Here is the base64 encoded image data representing the retail shelf where the products will be recognized:
```
base64EncodedImage
```

The unique identifier for the store where these functions will be contextualized is `12345`.

With this information, I would like to call the `recognize_products` function to identify the products on the shelf and the `translate_product_labels` function to translate the text on the product labels into Spanish. Could you assist me in calling these functions to achieve the desired results for the app?

Example of expected output:
- Product Recognition: Recognizes ""Organic Almonds"" with a price of ""5.99"" and a rating of ""4.5 stars"", including recommendations for related products.
- Label Translation: Translates ""Organic Almonds"" to ""Almendras Orgánicas"".","[[{""function"":{""arguments"":{""imageData"":""base64EncodedImage"",""storeId"":""12345""},""name"":""recognize_products""},""id"":""call_2_0"",""type"":""function""},{""function"":{""arguments"":{""imageData"":""base64EncodedImage"",""targetLanguage"":""es""},""name"":""translate_product_labels""},""id"":""call_2_1"",""type"":""function""}]]",True,True,synthetic_placeholder,图像参数是占位字符串，不能作为真实视觉执行证据
glaive-31301,single_call,train,486,I need a new password. Can you generate one for me?,"[[{""function"":{""arguments"":{""include_numbers"":true,""include_special_characters"":true,""length"":12},""name"":""generate_password""},""id"":""call_4_0"",""type"":""function""}]]",True,True,checked_no_obvious_mismatch,按完整用户上下文核对工具名、参数来源与返回衔接；未真实执行公开工具
glaive-19735,single_call,train,383,"Hi, I have an image and I want to know what's in it. Can you help me?","[[{""function"":{""arguments"":{""image_url"":""www.example.com/image.jpg""},""name"":""analyze_image""},""id"":""call_4_0"",""type"":""function""}]]",True,True,checked_no_obvious_mismatch,按完整用户上下文核对工具名、参数来源与返回衔接；未真实执行公开工具
glaive-32518,single_call,train,505,"Hi, I need to encrypt a message. Can you help me with that?","[[{""function"":{""arguments"":{""key"":""12345"",""message"":""Hello World""},""name"":""encrypt_message""},""id"":""call_4_0"",""type"":""function""}]]",True,True,checked_no_obvious_mismatch,按完整用户上下文核对工具名、参数来源与返回衔接；未真实执行公开工具
glaive-14484,multi_turn,train,550,"Hi, can you tell me how old someone born on 1990-05-15 would be today?","[[{""function"":{""arguments"":{""date_of_birth"":""1990-05-15""},""name"":""calculate_age""},""id"":""call_2_0"",""type"":""function""}],[{""function"":{""arguments"":{""date_of_birth"":""2000-12-01""},""name"":""calculate_age""},""id"":""call_6_0"",""type"":""function""}]]",True,True,time_dependent_return,年龄来自未注明日期的原工具返回，不能理解为当前年龄
glaive-63766,multi_turn,train,348,"Hey, can you check if the word 'racecar' is a palindrome?","[[{""function"":{""arguments"":{""word"":""racecar""},""name"":""check_palindrome""},""id"":""call_2_0"",""type"":""function""}],[{""function"":{""arguments"":{""word"":""computer""},""name"":""check_palindrome""},""id"":""call_6_0"",""type"":""function""}]]",True,True,checked_no_obvious_mismatch,按完整用户上下文核对工具名、参数来源与返回衔接；未真实执行公开工具
glaive-64027,multi_turn,train,704,I'm in the mood for Italian food. Can you find a restaurant in New York?,"[[{""function"":{""arguments"":{""cuisine"":""Italian"",""location"":""New York""},""name"":""search_restaurant""},""id"":""call_2_0"",""type"":""function""}],[{""function"":{""arguments"":{""cuisine"":""Mexican"",""location"":""Los Angeles""},""name"":""search_restaurant""},""id"":""call_6_0"",""type"":""function""}]]",True,True,checked_no_obvious_mismatch,按完整用户上下文核对工具名、参数来源与返回衔接；未真实执行公开工具
glaive-11197,single_call,train,391,"Hi, I need a new password. Can you generate one for me?","[[{""function"":{""arguments"":{""length"":12},""name"":""generate_password""},""id"":""call_4_0"",""type"":""function""}]]",True,True,checked_no_obvious_mismatch,按完整用户上下文核对工具名、参数来源与返回衔接；未真实执行公开工具
glaive-54665,multi_turn,train,465,"Hi, can you check if ""racecar"" is a palindrome?","[[{""function"":{""arguments"":{""text"":""racecar""},""name"":""check_palindrome""},""id"":""call_2_0"",""type"":""function""}],[{""function"":{""arguments"":{""text"":""hello""},""name"":""check_palindrome""},""id"":""call_6_0"",""type"":""function""}]]",True,True,checked_no_obvious_mismatch,按完整用户上下文核对工具名、参数来源与返回衔接；未真实执行公开工具
glaive-103548,no_call,train,250,Can you please order a pizza for me?,[],True,True,checked_no_obvious_mismatch,按完整用户上下文核对工具名、参数来源与返回衔接；未真实执行公开工具
glaive-49364,multi_turn,train,510,I want to watch a movie. Can you suggest some action movies from 2019?,"[[{""function"":{""arguments"":{""genre"":""action"",""year"":2019},""name"":""search_movies""},""id"":""call_2_0"",""type"":""function""}],[{""function"":{""arguments"":{""genre"":""comedy"",""year"":2019},""name"":""search_movies""},""id"":""call_6_0"",""type"":""function""}]]",True,True,checked_no_obvious_mismatch,按完整用户上下文核对工具名、参数来源与返回衔接；未真实执行公开工具
glaive-64719,single_call,test,445,"Hi, I was born on 1990-05-15. Can you tell me how old I am today?","[[{""function"":{""arguments"":{""birthdate"":""1990-05-15"",""current_date"":""2022-03-01""},""name"":""calculate_age""},""id"":""call_2_0"",""type"":""function""}]]",True,True,annotation_issue,current_date=2022-03-01 未在用户输入中提供
glaive-105644,no_call,train,280,Can you please order a pizza for me?,[],True,True,checked_no_obvious_mismatch,按完整用户上下文核对工具名、参数来源与返回衔接；未真实执行公开工具
glaive-105832,single_call,train,579,"Hi, I'm in New York and I'm craving for some Italian food. Can you help me find a restaurant?","[[{""function"":{""arguments"":{""cuisine"":""Italian"",""location"":""New York""},""name"":""search_restaurants""},""id"":""call_3_0"",""type"":""function""}]]",True,True,checked_no_obvious_mismatch,按完整用户上下文核对工具名、参数来源与返回衔接；未真实执行公开工具
hermes-71848a63-b43d-4501-a4dc-58b5e80225a3,single_call,train,589,"Hi, I need help with calculating my loan repayment schedule.","[[{""function"":{""arguments"":{""interest_rate"":5,""loan_amount"":50000,""loan_term"":10},""name"":""calculate_repayment_schedule""},""id"":""call_4_0"",""type"":""function""}]]",True,True,checked_no_obvious_mismatch,按完整用户上下文核对工具名、参数来源与返回衔接；未真实执行公开工具
glaive-92737,multi_turn,train,578,"Hi, I need to ship a package to London. It weighs around 5 kilograms. Can you tell me how much it would cost if I choose express shipping?","[[{""function"":{""arguments"":{""destination"":""London"",""shipping_method"":""express"",""weight"":5},""name"":""calculate_shipping_cost""},""id"":""call_2_0"",""type"":""function""}],[{""function"":{""arguments"":{""destination"":""London"",""shipping_method"":""standard"",""weight"":5},""name"":""calculate_shipping_cost""},""id"":""call_6_0"",""type"":""function""}]]",True,True,checked_no_obvious_mismatch,按完整用户上下文核对工具名、参数来源与返回衔接；未真实执行公开工具
glaive-90392,no_call,train,251,Can you order a pizza for me?,[],True,True,checked_no_obvious_mismatch,按完整用户上下文核对工具名、参数来源与返回衔接；未真实执行公开工具
glaive-104908,single_call,train,401,I saw a dress that I liked. It was originally priced at $200 but it's on a 20% discount. How much will it cost now?,"[[{""function"":{""arguments"":{""discount_percentage"":20,""original_price"":200},""name"":""calculate_discount""},""id"":""call_2_0"",""type"":""function""}]]",True,True,checked_no_obvious_mismatch,按完整用户上下文核对工具名、参数来源与返回衔接；未真实执行公开工具
hermes-8ea228b4-ed49-4c72-9e2b-0406a2d4b6b3,multi_turn,train,532,"Can you tell me about the movie ""Inception""?","[[{""function"":{""arguments"":{""title"":""Inception""},""name"":""get_movie_details""},""id"":""call_2_0"",""type"":""function""}],[{""function"":{""arguments"":{""title"":""The Dark Knight""},""name"":""get_movie_details""},""id"":""call_6_0"",""type"":""function""}]]",True,True,checked_no_obvious_mismatch,按完整用户上下文核对工具名、参数来源与返回衔接；未真实执行公开工具
hermes-15f8dd29-1d8b-4347-a29f-e7b4cc9731fa,multi_turn,train,621,I'm looking for a comedy movie from 2015. Can you help me find one?,"[[{""function"":{""arguments"":{""query"":""comedy"",""year"":2015},""name"":""search_movies""},""id"":""call_2_0"",""type"":""function""}],[{""function"":{""arguments"":{""query"":""drama"",""year"":2015},""name"":""search_movies""},""id"":""call_6_0"",""type"":""function""}]]",True,True,checked_no_obvious_mismatch,按完整用户上下文核对工具名、参数来源与返回衔接；未真实执行公开工具
glaive-23602,single_call,train,461,"Hi, I need a new password. Can you generate one for me?","[[{""function"":{""arguments"":{""include_numbers"":true,""include_symbols"":true,""length"":12},""name"":""generate_password""},""id"":""call_4_0"",""type"":""function""}]]",True,True,checked_no_obvious_mismatch,按完整用户上下文核对工具名、参数来源与返回衔接；未真实执行公开工具
glaive-27245,single_call,train,436,I am looking for a book but I can't remember the title. The author's name is George Orwell.,"[[{""function"":{""arguments"":{""author"":true,""genre"":false,""query"":""George Orwell"",""title"":false},""name"":""search_books""},""id"":""call_2_0"",""type"":""function""}]]",True,True,checked_no_obvious_mismatch,按完整用户上下文核对工具名、参数来源与返回衔接；未真实执行公开工具
glaive-17857,multi_turn,train,599,"Hi, I need to convert 1000 USD to Euros. Can you help me with that?","[[{""function"":{""arguments"":{""amount"":1000,""from_currency"":""USD"",""to_currency"":""EUR""},""name"":""convert_currency""},""id"":""call_2_0"",""type"":""function""}],[{""function"":{""arguments"":{""amount"":500,""from_currency"":""EUR"",""to_currency"":""USD""},""name"":""convert_currency""},""id"":""call_6_0"",""type"":""function""}]]",True,True,checked_no_obvious_mismatch,按完整用户上下文核对工具名、参数来源与返回衔接；未真实执行公开工具
glaive-104415,multi_turn,train,521,"Hi, I have made an investment of $5000 at an interest rate of 5% per year. I plan to keep it for 3 years. Can you calculate how much interest I will earn?","[[{""function"":{""arguments"":{""principal"":5000,""rate"":0.05,""time"":3},""name"":""calculate_interest""},""id"":""call_2_0"",""type"":""function""}],[{""function"":{""arguments"":{""principal"":5000,""rate"":0.05,""time"":5},""name"":""calculate_interest""},""id"":""call_6_0"",""type"":""function""}]]",True,True,checked_no_obvious_mismatch,按完整用户上下文核对工具名、参数来源与返回衔接；未真实执行公开工具
glaive-22294,multi_turn,train,403,"Hi, I need a new username. My name is John.","[[{""function"":{""arguments"":{""name"":""John""},""name"":""generate_username""},""id"":""call_2_0"",""type"":""function""}],[{""function"":{""arguments"":{""name"":""John"",""suffix"":""gamer""},""name"":""generate_username""},""id"":""call_8_0"",""type"":""function""}]]",True,True,checked_no_obvious_mismatch,按完整用户上下文核对工具名、参数来源与返回衔接；未真实执行公开工具
glaive-35306,no_call,train,213,Can you please book a flight for me from New York to Paris?,[],True,True,checked_no_obvious_mismatch,按完整用户上下文核对工具名、参数来源与返回衔接；未真实执行公开工具
glaive-111241,multi_turn,train,568,"Hi, I need to convert 500 US dollars to Euros. Can you help me with that?","[[{""function"":{""arguments"":{""amount"":500,""from"":""USD"",""to"":""EUR""},""name"":""convert_currency""},""id"":""call_3_0"",""type"":""function""}],[{""function"":{""arguments"":{""amount"":1000,""from"":""EUR"",""to"":""GBP""},""name"":""convert_currency""},""id"":""call_8_0"",""type"":""function""}]]",True,True,checked_no_obvious_mismatch,按完整用户上下文核对工具名、参数来源与返回衔接；未真实执行公开工具
glaive-105111,single_call,train,431,"Hi, I just had dinner at a restaurant and the total bill was $50. The service was excellent. Can you help me calculate the tip?","[[{""function"":{""arguments"":{""bill_total"":50,""service_quality"":""excellent""},""name"":""calculate_tip""},""id"":""call_3_0"",""type"":""function""}]]",True,True,checked_no_obvious_mismatch,按完整用户上下文核对工具名、参数来源与返回衔接；未真实执行公开工具
glaive-7396,single_call,train,474,"Hi, I need to create a new todo item.","[[{""function"":{""arguments"":{""due_date"":""2022-04-30"",""title"":""Finish Project Report""},""name"":""create_todo""},""id"":""call_4_0"",""type"":""function""}]]",True,True,checked_no_obvious_mismatch,按完整用户上下文核对工具名、参数来源与返回衔接；未真实执行公开工具
glaive-78852,single_call,train,467,Can you find a movie for me?,"[[{""function"":{""arguments"":{""title"":""Inception""},""name"":""search_movie""},""id"":""call_4_0"",""type"":""function""}]]",True,True,checked_no_obvious_mismatch,按完整用户上下文核对工具名、参数来源与返回衔接；未真实执行公开工具
glaive-34961,single_call,train,508,"Hi, I need help calculating my GPA. I have the grades and credits for each course.","[[{""function"":{""arguments"":{""credits"":[3,4,3,2],""grades"":[3.5,4.0,3.7,3.9]},""name"":""calculate_gpa""},""id"":""call_4_0"",""type"":""function""}]]",True,True,checked_no_obvious_mismatch,按完整用户上下文核对工具名、参数来源与返回衔接；未真实执行公开工具
glaive-91381,single_call,train,434,"Hi, I need a QR code for my website.","[[{""function"":{""arguments"":{""data"":""www.mywebsite.com"",""size"":200},""name"":""generate_qr_code""},""id"":""call_4_0"",""type"":""function""}]]",True,True,checked_no_obvious_mismatch,按完整用户上下文核对工具名、参数来源与返回衔接；未真实执行公开工具
glaive-87866,multi_turn,train,444,"I need a barcode for the value ""1234567890"".","[[{""function"":{""arguments"":{""value"":""1234567890""},""name"":""generate_barcode""},""id"":""call_2_0"",""type"":""function""}],[{""function"":{""arguments"":{""format"":""QR Code"",""value"":""Hello World""},""name"":""generate_barcode""},""id"":""call_6_0"",""type"":""function""}]]",True,True,checked_no_obvious_mismatch,按完整用户上下文核对工具名、参数来源与返回衔接；未真实执行公开工具
glaive-102486,no_call,train,331,Can you book a flight for me from New York to London?,[],True,True,checked_no_obvious_mismatch,按完整用户上下文核对工具名、参数来源与返回衔接；未真实执行公开工具
glaive-59308,no_call,train,299,Can you order a pizza for me?,[],True,True,checked_no_obvious_mismatch,按完整用户上下文核对工具名、参数来源与返回衔接；未真实执行公开工具
glaive-73610,single_call,train,423,"Hi, I was born on 1990-05-15. Can you tell me how old I am?","[[{""function"":{""arguments"":{""birthdate"":""1990-05-15""},""name"":""calculate_age""},""id"":""call_2_0"",""type"":""function""}]]",True,True,time_dependent_return,原返回年龄具有时间依赖，调用的出生日期与输入一致
glaive-105121,multi_turn,train,539,I am looking for some good action movies to watch. Can you help me find some?,"[[{""function"":{""arguments"":{""search_query"":""action""},""name"":""search_movies""},""id"":""call_2_0"",""type"":""function""}],[{""function"":{""arguments"":{""search_query"":""action-comedy""},""name"":""search_movies""},""id"":""call_6_0"",""type"":""function""}]]",True,True,checked_no_obvious_mismatch,按完整用户上下文核对工具名、参数来源与返回衔接；未真实执行公开工具
hermes-005ba8c3-d754-4929-a695-bde7ae2d6bf0,single_call,train,677,I need to create a new event in my calendar.,"[[{""function"":{""arguments"":{""end_time"":""2022-04-15T12:00:00"",""location"":""Conference Room 1"",""start_time"":""2022-04-15T10:00:00"",""title"":""Project Meeting""},""name"":""create_calendar_event""},""id"":""call_4_0"",""type"":""function""}]]",True,True,checked_no_obvious_mismatch,按完整用户上下文核对工具名、参数来源与返回衔接；未真实执行公开工具
glaive-33216,multi_turn,train,402,Can you check the current stock price of Apple on NASDAQ?,"[[{""function"":{""arguments"":{""exchange"":""NASDAQ"",""symbol"":""AAPL""},""name"":""check_stock_price""},""id"":""call_2_0"",""type"":""function""}],[{""function"":{""arguments"":{""exchange"":""NYSE"",""symbol"":""MSFT""},""name"":""check_stock_price""},""id"":""call_6_0"",""type"":""function""}]]",True,True,annotation_caveat,调用遵循用户给出的交易所，但金融实体与返回没有现实验证
